Region,Latitude,Longitude,Presence,Extent,Last Reported,Origin,First Reported,Invasiveness,References,Notes,Pest
Central African Republic,7,21,1,-,Not recorded,-,Not recorded,-,MbÈtid-Bessane (2006),-,Achatina fulica
CÙte d'Ivoire,8,-5.5,1,-,Not recorded,Introduced,Not recorded,Invasive,CABI (Undated a); MËmËl et al. (2011); Raut and Barker (2002); Winter (1989),-,Achatina fulica
Ethiopia,9,39.5,1,-,Not recorded,Native,Not recorded,-,Raut and Barker (2002),-,Achatina fulica
Ghana,8.1,-1.2,1,-,Not recorded,Introduced,Not recorded,Invasive,CABI (Undated a); Monney (2001); Raut and Barker (2002),Became the dominant achatinid shortly after its introduction,Achatina fulica
Kenya,1,38,1,Widespread,Not recorded,Native,Not recorded,-,CABI (Undated a); Mead (1979); Raut and Barker (2002),-,Achatina fulica
Madagascar,-20,47,1,Widespread,Not recorded,Introduced,Not recorded,Invasive,CABI (Undated a); Bequaert (1951); EPPO (2020); Raut and Barker (2002),First reported: Prior to 1800,Achatina fulica
Mauritius,-20.3,57.58333,1,Widespread,Not recorded,Introduced,1803,Invasive,CABI (Undated a); EPPO (2020); Facknath et al. (1999); Mead (1961),-,Achatina fulica
Nigeria,10,8,1,-,Not recorded,Introduced,Not recorded,Invasive,CABI (Undated a); Ademolu et al. (2013); Ashaye et al. (2001); Igbinosa et al. (2016); Okon et al. (2012),-,Achatina fulica
RÈunion,-21.1,55.6,1,Widespread,Not recorded,Introduced,1821,Invasive,CABI (Undated a); EPPO (2020); Graber et al. (1997); Mead (1961); Schotman (1989),-,Achatina fulica
Seychelles,-4.58333,55.66667,1,Widespread,Not recorded,Introduced,1840,Invasive,CABI (Undated a); EPPO (2020); Mead (1961); Schotman (1989),-,Achatina fulica
Tanzania,-6,35,1,Widespread,Not recorded,Native,Not recorded,-,Emberton et al. (1997),-,Achatina fulica
Togo,8.66667,1.08333,1,-,Not recorded,Introduced,Not recorded,Invasive,CABI (Undated),"Original citation: EkouÈ & Kuevi-Akue, 2002",Achatina fulica
Bangladesh,24,90,1,-,Not recorded,Introduced,Not recorded,Invasive,Mead (1979); Jahan and Raut (1994),-,Achatina fulica
Brunei,4.5,114.66667,1,-,Not recorded,Introduced,Not recorded,-,CABI (Undated a); EPPO (2020),-,Achatina fulica
Cambodia,13,105,1,-,Not recorded,Introduced,Not recorded,Invasive,Mead (1979),-,Achatina fulica
China,35,105,1,Widespread,Not recorded,Introduced,1931,Invasive,CABI (Undated a); EPPO (2020); Huang DaNa et al. (2019); Jarrett (1931); Lv Shan et al. (2009); Lv Shan et al. (2009); Schotman (1989),-,Achatina fulica
Fujian,26.25,118,1,-,Not recorded,Introduced,Not recorded,Invasive,Lv Shan et al. (2009); Li LiSha et al. (2006),In the south,Achatina fulica
Guangdong,23.5,113.25,1,-,Not recorded,Introduced,Not recorded,Invasive,Lv Shan et al. (2009); Huang DaNa et al. (2019); Meng JinXiu et al. (2007),-,Achatina fulica
Guangxi,24,109,1,-,Not recorded,Introduced,Not recorded,Invasive,Lv Shan et al. (2009),-,Achatina fulica
Guizhou,27,107,1,Localized,Not recorded,Introduced,Not recorded,Invasive,Lv Shan et al. (2009); Tang LiNa et al. (2008),In one county,Achatina fulica
Hainan,19.25,109.75,1,Widespread,Not recorded,Introduced,Not recorded,Invasive,Lv Shan et al. (2009); CABI (Undated),-,Achatina fulica
Yunnan,25,101.5,1,-,Not recorded,Introduced,Not recorded,Invasive,Lv Shan et al. (2009); Chen YuanXiao et al. (2008),In southern areas,Achatina fulica
Hong Kong,22.25,114.16667,1,Widespread,Not recorded,Introduced,1937,-,CABI (Undated a); EPPO (2020); Mead (1961); Schotman (1989),-,Achatina fulica
India,22,79,1,Widespread,Not recorded,Introduced,1847,Invasive,CABI (Undated a); Ayyagari and Krupanidhi Sreerama (2017); EPPO (2020); Jav Aregowda (2004); Jayashankar et al. (2015); Mead (1961); Naik et al. (2014); Parvate and Liji Thayil (2017); Raut and Ghose (1984); Reddy and Sreedharan (2006); Sheela Thakur (2004); Shree and Kumar (2002); Srivastava et al. (1985); Thakur (1998); Vanitha et al. (2008),-,Achatina fulica
Andaman and Nicobar Islands,11.70065,92.67517,1,Widespread,Not recorded,Introduced,Not recorded,Invasive,CABI (Undated a); Prasad et al. (2004); Shah (1992),First reported: 1940s,Achatina fulica
Andhra Pradesh,15.83333,79.75,1,-,Not recorded,Introduced,Not recorded,-,CABI (Undated a); Ayyagari and Krupanidhi Sreerama (2017); Reddy and Sreedharan (2006),-,Achatina fulica
Arunachal Pradesh,27.06,93.37,1,-,Not recorded,Introduced,Not recorded,-,CABI (Undated a); Ramakrishna et al. (2005),-,Achatina fulica
Bihar,25.75,85.75,1,Widespread,Not recorded,Introduced,Not recorded,Invasive,Thakur (1998); Ayyagari and Krupanidhi Sreerama (2017),-,Achatina fulica
Karnataka,14.66667,75.83333,1,Widespread,Not recorded,Introduced,Not recorded,Invasive,CABI (Undated a); Basavaraju et al. (2000); Jav Aregowda (2004); Naik et al. (2014); Shree and Kumar (2002); Sridhar et al. (2012),-,Achatina fulica
Madhya Pradesh,23.5,78.5,1,Widespread,Not recorded,Introduced,Not recorded,Invasive,Sheela Thakur and Rina Kumari (1998),-,Achatina fulica
Maharashtra,19.5,76,1,-,Not recorded,Introduced,Not recorded,Invasive,Avhad et al. (2013); Parvate and Liji Thayil (2017),-,Achatina fulica
Odisha,20.5,84.41667,1,-,Not recorded,Introduced,Not recorded,Invasive,Mead (1961); Ayyagari and Krupanidhi Sreerama (2017),-,Achatina fulica
Rajasthan,26.58333,73.83333,1,-,Not recorded,Introduced,1996,Invasive,Tehsin and Sharma (2000),-,Achatina fulica
Sikkim,27.75,88.5,1,-,Not recorded,Introduced,Not recorded,Invasive,Rahman et al. (2009),-,Achatina fulica
Tamil Nadu,11,78.33333,1,-,Not recorded,Introduced,Not recorded,Invasive,CABI (Undated a); Padmanaban et al. (2000); Vanitha et al. (2008); Vanitha et al. (2011),-,Achatina fulica
Uttar Pradesh,27.25,80.75,1,-,Not recorded,Introduced,Not recorded,Invasive,Saxena and Mahendru (2000),-,Achatina fulica
West Bengal,24,88,1,Widespread,Not recorded,Introduced,Not recorded,Invasive,CABI (Undated a); Raut (1991); Raut and Ghara (1990),-,Achatina fulica
Indonesia,-5,120,1,Localized,Not recorded,Introduced,Not recorded,Invasive,CABI (Undated a); CABI (Undated a); EPPO (2020); Mead (1979); Nurinsiyah (2015); Rappard (1950),-,Achatina fulica
Irian Jaya,-5,138,1,-,Not recorded,Introduced,Not recorded,Invasive,Mead (1979),-,Achatina fulica
Java,-7.49167,110.00444,1,Widespread,Not recorded,Introduced,1925,Invasive,CABI (Undated a); Mead (1961); Schneider et al. (1998),-,Achatina fulica
Israel,31.5,34.75,1,-,Not recorded,Introduced,Not recorded,Invasive,Roll et al. (2009); EPPO (2020),Present in human dominated habitats,Achatina fulica
Japan,35.68536,139.75309,1,-,Not recorded,Introduced,1935,Invasive,CABI (Undated a); EPPO (2020); Mead (1961); Ohbayashi and Takeuchi (2007); Takeuchi et al. (1991); Tomiyama (2002); Yamashita et al. (1978),-,Achatina fulica
Bonin Islands,27,142.16667,1,-,Not recorded,-,Not recorded,-,Ohbayashi and Takeuchi (2007); Tomiyama (1993),-,Achatina fulica
Ryukyu Islands,26.5,128,1,-,Not recorded,Introduced,1935,Invasive,CABI (Undated a); EPPO (2020); Mead (1961),-,Achatina fulica
Laos,18,105,1,-,Not recorded,-,Not recorded,-,Inkhavilay et al. (2019),-,Achatina fulica
Malaysia,2.5,112.5,1,Localized,Not recorded,Introduced,Not recorded,-,CABI (Undated a); EPPO (2020); Foon et al. (2017); Mead (1979),-,Achatina fulica
Peninsular Malaysia,4,102,1,-,Not recorded,Introduced,1911,Invasive,CABI (Undated a); EPPO (2020); Jarrett (1923); Mead (1961); Mead (1979),-,Achatina fulica
Sabah,5.5,117,1,-,Not recorded,Introduced,Not recorded,Invasive,Schilthuizen and Rutjes (2001),-,Achatina fulica
Sarawak,2.5,113.5,1,Localized,Not recorded,Introduced,1928,Invasive,CABI (Undated a); EPPO (2020); Mead (1961); Mead (1979),-,Achatina fulica
Maldives,3.2,73,1,Widespread,Not recorded,Introduced,1957,Invasive,CABI (Undated a); EPPO (2020); Mead (1961); Muniappan (1987),-,Achatina fulica
Myanmar,21,96,1,Localized,Not recorded,Introduced,Not recorded,Invasive,CABI (Undated a); EPPO (2020); Mead (1961); Schotman (1989),-,Achatina fulica
Nepal,28,84,1,-,Not recorded,Introduced,Not recorded,Invasive,Budha and Naggs (2008),First reported: 1930-1940,Achatina fulica
Philippines,13,122,1,Widespread,Not recorded,Introduced,1949,Invasive,CABI (Undated a); Chavez and Lara (2011); EPPO (2020); Mead (1961); Muniappan et al. (1986); Raut and Barker (2002); SobrepeÒa and Demayo (2014),-,Achatina fulica
Singapore,1.36667,103.8,1,Widespread,Not recorded,Introduced,1917,Invasive,CABI (Undated a); EPPO (2020); Jarrett (1923); Lim et al. (2018); Mead (1961); Mead (1979),-,Achatina fulica
South Korea,36.5,127.75,1,-,Not recorded,-,Not recorded,-,Cho et al. (2019),-,Achatina fulica
Sri Lanka,7.75,80.75,1,Widespread,Not recorded,Introduced,1900,Invasive,CABI (Undated a); EPPO (2020); Karunarathna et al. (2017); Marambe et al. (2001); Mead (1961); Naggs (2002); Raut and Barker (2002),-,Achatina fulica
Taiwan,24,121,1,-,Not recorded,Introduced,1932,Invasive,CABI (Undated a); Chao et al. (1993); EPPO (2020); Mead (1961); Wen et al. (2007); Wen HungChich et al. (2002),-,Achatina fulica
Thailand,15.5,101,1,-,Not recorded,Introduced,Not recorded,-,CABI (Undated a); Dusitsittipon et al. (2017); EPPO (2020); Mead (1961); Mead (1979); Sri-aroon et al. (2010),First reported: 1930s,Achatina fulica
Vietnam,16.16667,107.83333,1,-,Not recorded,Introduced,1937,Invasive,CABI (Undated a); EPPO (2020); Mead (1961); Mead (1979),-,Achatina fulica
Italy,42.83333,12.83333,1,Transient under eradication,Not recorded,-,Not recorded,-,EPPO (2020),-,Achatina fulica
Spain,40,-4,1,Localized,Not recorded,-,Not recorded,-,EPPO (2020),-,Achatina fulica
Anguilla,18.21667,-63.05,1,-,Not recorded,Introduced,Not recorded,Invasive,CABI (Undated a); Connor (2007); EPPO (2020),-,Achatina fulica
Antigua and Barbuda,17.05,-61.8,1,Transient under eradication,Not recorded,Introduced,2008,Invasive,CABI (Undated a); EPPO (2020); Pollard et al. (2008),Identified in Antigua in April 2008 in the south-west of the island. Not reported from Barbuda,Achatina fulica
Barbados,13.16453,-59.55165,1,-,Not recorded,Introduced,2000,Invasive,CABI (Undated a); Ciomperlik et al. (2013); EPPO (2020); James and Gibbs (2009); Pollard et al. (2008),-,Achatina fulica
Cuba,22,-79.5,1,-,Not recorded,-,Not recorded,-,EPPO (2020); V·zquez et al. (2018),-,Achatina fulica
CuraÁao,12.16667,-68.96667,1,-,Not recorded,-,Not recorded,-,van Buurt (2016a),-,Achatina fulica
Dominica,15.5,-61.33333,1,-,Not recorded,Introduced,2007,-,CABI (Undated a); Ciomperlik et al. (2013); EPPO (2020); Pollard et al. (2008a),-,Achatina fulica
Dominican Republic,19,-70.66667,1,-,Not recorded,-,Not recorded,-,EPPO (2020),-,Achatina fulica
Guadeloupe,16.25,-61.58333,1,Widespread,Not recorded,Introduced,1984,Invasive,CABI (Undated a); Anon (1989); Ciomperlik et al. (2013); Dard et al. (2017); EPPO (2020); Pollard et al. (2008),-,Achatina fulica
Martinique,14.66667,-61,1,Localized,Not recorded,Introduced,1988,Invasive,CABI (Undated a); Anon (1989); Ciomperlik et al. (2013); EPPO (2020); Mead and Palcy (1992),-,Achatina fulica
Netherlands Antilles,12.11721,-68.91964,1,-,Not recorded,Introduced,2013,Invasive,van Buurt (2016); EPPO (2020),-,Achatina fulica
Saint Lucia,13.88333,-60.96667,1,Localized,Not recorded,Introduced,2000,Invasive,CABI (Undated a); EPPO (2020); Jn Pierre (2008); Pollard et al. (2008),-,Achatina fulica
Trinidad and Tobago,11,-61,1,Few occurrences,Not recorded,Introduced,2008,-,IPPC (2009); EPPO (2020); Minott et al. (2018),"Found at Alyce Glen Gardens Petit Valley, North West Trinidad in Oct. 2008; restricted to an area 1.0 km≤",Achatina fulica
United States,39.76,-98.5,1,Localized,Not recorded,-,Not recorded,-,CABI (Undated a); EPPO (2020); NAPPO (2019); Smith et al. (2013),"Present, in Hawaii; under eradication in Florida",Achatina fulica
Florida,28.75054,-82.5001,1,Transient under eradication,Not recorded,Introduced,1969,Invasive,CABI (Undated a); Ciomperlik et al. (2013); EPPO (2020); Mead (1979); NAPPO (2011); NAPPO (2013); NAPPO (2013a); NAPPO (2019); Smith et al. (2013),"Single infestation found in 1969 and eradicated. Reported in September 2011 in Miami, under eradication",Achatina fulica
Hawaii,20.78785,-156.38612,1,Widespread,Not recorded,Introduced,1936,Invasive,CABI (Undated a); Cowie (1998); EPPO (2020); Mead (1961),-,Achatina fulica
Wisconsin,44.50024,-90.00041,1,-,Not recorded,-,Not recorded,-,Sheela Thakur (2003),-,Achatina fulica
American Samoa,-14.23377,-169.47767,1,Localized,Not recorded,Introduced,1977,Invasive,CABI (Undated a); Cowie (2000); EPPO (2020); Tauili'ili and Vargo (1993); Tillier et al. (1993),-,Achatina fulica
Christmas Island,-10.5,105.66667,1,-,Not recorded,Introduced,Not recorded,Invasive,CABI (Undated a); Lake and O'Dowd (1991); O'Loughlin and Green (2017); Sproul (1983),-,Achatina fulica
Federated States of Micronesia,6.924,158.162,1,-,Not recorded,Introduced,1938,Invasive,CABI (Undated a); Cowie (2000); EPPO (2020); Tillier et al. (1993),-,Achatina fulica
French Polynesia,-15,-140,1,Localized,Not recorded,Introduced,1967,Invasive,CABI (Undated a); Cowie (2000); EPPO (2020); Murray et al. (1988); Tillier et al. (1993),-,Achatina fulica
Guam,13.47861,144.81834,1,Localized,Not recorded,Introduced,1943,-,CABI (Undated a); Cowie (2000); EPPO (2020); Tillier et al. (1993),-,Achatina fulica
Marshall Islands,7.113,171.236,1,-,Not recorded,Introduced,Not recorded,Invasive,CABI (Undated a); Cowie (2000); EPPO (2020); South Pacific Commission (1996),-,Achatina fulica
New Caledonia,-21.5,165.5,1,Localized,Not recorded,Introduced,1972,Invasive,CABI (Undated a); Cowie (2000); EPPO (2020); South Pacific Commission (1979); Tillier et al. (1993),-,Achatina fulica
Northern Mariana Islands,15.214,145.756,1,Localized,Not recorded,Introduced,1936,Invasive,CABI (Undated a); Cowie (2000); EPPO (2020); Tillier et al. (1993),-,Achatina fulica
Palau,7.503,134.621,1,-,Not recorded,Introduced,1938,Invasive,CABI (Undated a); Cowie (2000); EPPO (2020); Tillier et al. (1993),-,Achatina fulica
Papua New Guinea,-6,147,1,Localized,Not recorded,Introduced,1946,Invasive,CABI (Undated a); Cowie (2000); EPPO (2020); Mead (1961); Raut and Barker (2002); Tillier et al. (1993),Reached the outer islands of Papua New Guinea by 1946 and mainland New Guinea by 1976-1977,Achatina fulica
Samoa,-13.8,-172.13333,1,-,Not recorded,Introduced,Not recorded,Invasive,CABI (Undated a); Cowie (2000); EPPO (2020); Raut and Barker (2002); South Pacific Commission (1979),First reported: 1990s,Achatina fulica
Solomon Islands,-8,159,1,Localized,Not recorded,-,Not recorded,-,CABI (Undated a); Cowie (2000); EPPO (2020); South Pacific Commission (1979); Stronge (2016),-,Achatina fulica
U.S. Minor Outlying Islands,5.875,-162.057,1,Widespread,Not recorded,-,Not recorded,-,Tillier et al. (1993),-,Achatina fulica
Vanuatu,-16,167,1,Widespread,Not recorded,-,Not recorded,-,CABI (Undated a); CABI (Undated); EPPO (2020); Tillier et al. (1993),-,Achatina fulica
Wallis and Futuna,-13.3,-176.2,1,Widespread,Not recorded,Introduced,Not recorded,Invasive,CABI (Undated a); Cowie (2000); EPPO (2020); Tillier et al. (1993),-,Achatina fulica
Argentina,-34,-64,1,Localized,Not recorded,Introduced,2010,Invasive,GutiÈrrez Gregoric et al. (2013); Gregoric et al. (2011); GutiÈrrez Gregoric et al. (2011); Vogler et al. (2013),First detected in 2010 in Puerto Iguaz˙ City. A second occurrence was recorded in May 2013 in Corrientes city >600 km further south,Achatina fulica
Bolivia,-17,-65,1,-,Not recorded,Introduced,Not recorded,-,Vogler et al. (2013),"Commericalized in La Paz, not reported from the wild",Achatina fulica
Brazil,-10,-55,1,Widespread,Not recorded,Introduced,Not recorded,Invasive,CABI (Undated a); EPPO (2020); Fonseca and Nascimento (2004); Franco-AcuÒa et al. (2009); Paiva (1999); Santos et al. (2018); Vogler et al. (2013),First reported: 1980s,Achatina fulica
Alagoas,-9.58333,-36.41667,1,-,Not recorded,-,Not recorded,-,EPPO (2020); Santos et al. (2018),-,Achatina fulica
Amazonas,-3.75,-64.5,1,-,Not recorded,-,Not recorded,-,EPPO (2020),-,Achatina fulica
Bahia,-12,-42,1,-,Not recorded,Introduced,Not recorded,Invasive,Paiva (1999); EPPO (2020),-,Achatina fulica
Ceara,-5,-39.5,1,-,Not recorded,-,Not recorded,-,EPPO (2020),-,Achatina fulica
Distrito Federal,-15.75,-47.75,1,-,Not recorded,-,Not recorded,-,EPPO (2020),-,Achatina fulica
Espirito Santo,-20,-40.75,1,-,Not recorded,Introduced,Not recorded,Invasive,Paiva (1999); EPPO (2020),-,Achatina fulica
Goias,-15.58071,-49.63623,1,-,Not recorded,-,Not recorded,-,CABI (Undated a); Ciomperlik et al. (2013); EPPO (2020); Paiva (1999),-,Achatina fulica
Maranhao,-5,-45,1,-,Not recorded,Introduced,Not recorded,Invasive,Ciomperlik et al. (2013); EPPO (2020),-,Achatina fulica
Mato Grosso,-13,-56,1,-,Not recorded,-,Not recorded,-,EPPO (2020),-,Achatina fulica
Mato Grosso do Sul,-20.5,-55,1,-,Not recorded,-,Not recorded,-,EPPO (2020),-,Achatina fulica
Minas Gerais,-18,-44,1,Widespread,Not recorded,Introduced,Not recorded,Invasive,Paiva (1999); EPPO (2020),-,Achatina fulica
Para,-4,-53,1,-,Not recorded,-,Not recorded,-,EPPO (2020),-,Achatina fulica
Paraiba,-7.25,-36.5,1,-,Not recorded,-,Not recorded,-,EPPO (2020),-,Achatina fulica
Parana,-24.5,-51.33333,1,Widespread,Not recorded,Introduced,Not recorded,Invasive,Paiva (1999); EPPO (2020),-,Achatina fulica
Pernambuco,-8.33333,-37.75,1,-,Not recorded,Introduced,Not recorded,Invasive,Paiva (1999); EPPO (2020),-,Achatina fulica
Piaui,-7.25,-42.33333,1,-,Not recorded,-,Not recorded,-,EPPO (2020),-,Achatina fulica
Rio de Janeiro,-22.25,-42.5,1,Widespread,Not recorded,Introduced,Not recorded,Invasive,CABI (Undated a); EPPO (2020); Franco-AcuÒa et al. (2009); Paiva (1999); Santos et al. (2002); Vasconcellos and Pile (2001),-,Achatina fulica
Rio Grande do Norte,-5.75,-36.5,1,-,Not recorded,-,Not recorded,-,EPPO (2020),-,Achatina fulica
Rio Grande do Sul,-30,-53.5,1,-,Not recorded,-,Not recorded,-,EPPO (2020),-,Achatina fulica
Rondonia,-11,-63,1,-,Not recorded,Introduced,Not recorded,Invasive,Paiva (1999); EPPO (2020),-,Achatina fulica
Roraima,2.25,-61.25,1,-,Not recorded,-,Not recorded,-,EPPO (2020),-,Achatina fulica
Santa Catarina,-27,-50,1,Widespread,Not recorded,Introduced,Not recorded,Invasive,Paiva (1999); EPPO (2020),-,Achatina fulica
Sao Paulo,-22,-49,1,Widespread,Not recorded,Introduced,Not recorded,Invasive,Paiva (1999); EPPO (2020); Fonseca and Nascimento (2004),-,Achatina fulica
Sergipe,-10.5,-37.33333,1,-,Not recorded,-,Not recorded,-,EPPO (2020),-,Achatina fulica
Tocantins,-10.5,-48,1,-,Not recorded,-,Not recorded,-,EPPO (2020),-,Achatina fulica
Colombia,4,-73.25,1,Widespread,Not recorded,Introduced,Not recorded,Invasive,CABI (Undated a); EPPO (2020); Ossa-Lacayo and Ossa V. (2014); Ossa-Lacayo et al. (2012); Penagos-Tabares et al. (2019); Vogler et al. (2013),-,Achatina fulica
Ecuador,-1.25,-78.25,1,-,Not recorded,Introduced,2005,Invasive,Ciomperlik et al. (2013); Correoso and Coello (2009); EPPO (2020); Vogler et al. (2013),"First reported in Esmeraldas Province in 2005, and is established in most of the coastal provinces of the country, as well as on the Amazonian side of the Ecuadorian Andes",Achatina fulica
Paraguay,-23.33333,-58,1,-,Not recorded,Introduced,2010,Invasive,Vogler et al. (2013),"First detected in 2010 in Ayolas City, Department of Misiones",Achatina fulica
Peru,-10,-75.25,1,-,Not recorded,Introduced,Not recorded,Invasive,Vogler et al. (2013); EPPO (2020),-,Achatina fulica
Venezuela,8,-66,1,-,Not recorded,Introduced,1996,Invasive,CABI (Undated a); CABI (Undated); EPPO (2020); Herrera et al. (2016); MatÌnez Escarbassiere and MatÌnez Moreno (1997); Vogler et al. (2013),-,Achatina fulica
Angola,-12.5,18.5,1,-,Not recorded,Introduced,Not recorded,-,CABI (Undated a); Bandyopadhyay et al. (1998); CABI and EPPO (2006); EPPO (2020); Milliano et al. (1991),First reported: 1980s,Claviceps africana
Botswana,-22,24,1,-,Not recorded,-,Not recorded,-,EPPO (2020); CABI and EPPO (2006); Herb IMI (Undated); Molefe (1975),-,Claviceps africana
Burkina Faso,12.5,-1.66667,1,-,Not recorded,-,Not recorded,-,Bandyopadhyay et al. (1998),-,Claviceps africana
Burundi,-3.5,30,1,-,Not recorded,Introduced,Not recorded,-,CABI (Undated a); Bandyopadhyay et al. (1998); CABI and EPPO (2006); EPPO (2020),First reported: 1980s,Claviceps africana
Eswatini,-26.5,31.5,1,-,Not recorded,-,Not recorded,-,EPPO (2020); CABI and EPPO (2006); Milliano et al. (1991),-,Claviceps africana
Ethiopia,9,39.5,1,-,Not recorded,-,Not recorded,-,EPPO (2020); CABI and EPPO (2006); Frederickson et al. (1994); Herb IMI (Undated); Hulluka (1982); Hulluka and Gebrekidan (1980),-,Claviceps africana
Ghana,8.1,-1.2,1,-,Not recorded,Introduced,Not recorded,-,CABI (Undated a); CABI and EPPO (2006); EPPO (2020); Herb IMI (Undated),First reported: 1980s,Claviceps africana
Kenya,1,38,1,-,Not recorded,Introduced,Not recorded,-,CABI (Undated a); CABI and EPPO (2006); EPPO (2020); Herb IMI (Undated),First reported: 1980s,Claviceps africana
Lesotho,-29.5,28.25,1,-,Not recorded,Introduced,Not recorded,-,CABI (Undated a); CABI and EPPO (2006); EPPO (2020); Milliano et al. (1991),First reported: 1980s,Claviceps africana
Malawi,-13.5,34,1,-,Not recorded,Introduced,Not recorded,-,CABI (Undated a); CABI and EPPO (2006); EPPO (2020); Milliano et al. (1991),First reported: 1980s,Claviceps africana
Mozambique,-18.25,35,1,-,Not recorded,Introduced,Not recorded,-,CABI (Undated a); CABI and EPPO (2006); EPPO (2020); Milliano et al. (1991); Plumb-Dhindsa and Mondjane (1984),First reported: 1980s,Claviceps africana
Nigeria,10,8,1,-,Not recorded,-,Not recorded,-,EPPO (2020); CABI and EPPO (2006); FUTRELL and WEBSTER (1965); FUTRELL and WEBSTER (1966); Mower et al. (1973),-,Claviceps africana
Rwanda,-2,30,1,-,Not recorded,-,Not recorded,-,EPPO (2020); CABI and EPPO (2006); Frederickson et al. (1994),-,Claviceps africana
Senegal,14.5,-14.25,1,-,Not recorded,-,Not recorded,-,EPPO (2020); CABI and EPPO (2006),-,Claviceps africana
South Africa,-29,24,1,-,Not recorded,-,Not recorded,-,EPPO (2020); CABI and EPPO (2006); Doidge et al. (1953); McLaren (1994); Milliano et al. (1991),-,Claviceps africana
Sudan,16,30,1,-,Not recorded,-,Not recorded,-,Paûoutov· and Frederickson (2005),-,Claviceps africana
Tanzania,-6,35,1,-,Not recorded,Introduced,Not recorded,-,CABI (Undated a); CABI (Undated); CABI and EPPO (2006); EPPO (2020); Mansuetus (1995); Milliano et al. (1991),First reported: 1980s,Claviceps africana
Uganda,1.25,32.5,1,-,Not recorded,Introduced,Not recorded,-,CABI (Undated a); CABI and EPPO (2006); EPPO (2020); Herb IMI (Undated),First reported: 1980s,Claviceps africana
Zambia,-14.33333,28.5,1,-,Not recorded,-,Not recorded,-,EPPO (2020); Angus (1965); CABI and EPPO (2006); Frederickson (1990); Herb IMI (Undated); Milliano et al. (1991),-,Claviceps africana
Zimbabwe,-19,29.75,1,-,Not recorded,-,Not recorded,-,CABI (Undated a); CABI and EPPO (2006); EPPO (2020); Frederickson (1990); Frederickson et al. (1991); Frederickson et al. (1993); Frederickson et al. (1994); Herb IMI (Undated); Mantle and Hassan (1994),"Samples obtained from Matopos, Bulawayo, Hunters Road, Kwe Kwe, Harare, Mazoe, Gwebi and Shamva",Claviceps africana
India,22,79,1,Localized,Not recorded,Introduced,Not recorded,Invasive,CABI (Undated a); Bogo and Mantle (1999); CABI and EPPO (2006); EPPO (2020); Navi et al. (2007),-,Claviceps africana
Andhra Pradesh,15.83333,79.75,1,-,Not recorded,Introduced,Not recorded,Invasive,CABI (Undated a); Bogo and Mantle (1999); CABI and EPPO (2006); EPPO (2020),-,Claviceps africana
Gujarat,23,71.75,1,-,Not recorded,Introduced,Not recorded,Invasive,CABI (Undated a); CABI and EPPO (2006); EPPO (2020),-,Claviceps africana
Karnataka,14.66667,75.83333,1,-,Not recorded,Introduced,Not recorded,Invasive,CABI (Undated),Original citation: Venkateshwaran et al. (2006),Claviceps africana
Madhya Pradesh,23.5,78.5,1,-,Not recorded,Introduced,Not recorded,Invasive,CABI (Undated a); CABI and EPPO (2006); EPPO (2020),-,Claviceps africana
Rajasthan,26.58333,73.83333,1,-,Not recorded,Introduced,Not recorded,Invasive,CABI (Undated),Original citation: Venkateshwaran et al. (2006),Claviceps africana
Tamil Nadu,11,78.33333,1,-,Not recorded,Introduced,Not recorded,Invasive,CABI (Undated a); CABI and EPPO (2006); EPPO (2020),-,Claviceps africana
Uttar Pradesh,27.25,80.75,1,-,Not recorded,Introduced,Not recorded,Invasive,CABI (Undated),Original citation: Venkateshwaran et al. (2006),Claviceps africana
Japan,35.68536,139.75309,1,-,Not recorded,Introduced,Not recorded,Invasive,CABI (Undated a); CABI (Undated); CABI and EPPO (2006); EPPO (2020),-,Claviceps africana
Honshu,36,138,1,-,Not recorded,Introduced,Not recorded,Invasive,CABI (Undated a); CABI and EPPO (2006); EPPO (2020),-,Claviceps africana
Kyushu,32.42944,130.99099,1,-,Not recorded,Introduced,Not recorded,Invasive,CABI (Undated a); CABI (Undated); CABI and EPPO (2006); EPPO (2020); Mantle and Hassan (1994),-,Claviceps africana
Thailand,15.5,101,1,-,Not recorded,Introduced,Not recorded,Invasive,CABI (Undated a); CABI and EPPO (2006); EPPO (2020); Frederickson et al. (1991),-,Claviceps africana
Yemen,15.5,47.5,1,-,Not recorded,Introduced,Not recorded,Invasive,CABI (Undated a); CABI and EPPO (2006); EPPO (2020),First reported: 1980s,Claviceps africana
Dominican Republic,19,-70.66667,1,-,Not recorded,Introduced,1997,-,CABI (Undated a); Bandyopadhyay et al. (1998); CABI and EPPO (2006); EPPO (2020),-,Claviceps africana
Haiti,19.07582,-72.29616,1,-,Not recorded,Introduced,1997,-,CABI (Undated a); CABI and EPPO (2006); EPPO (2020),-,Claviceps africana
Honduras,15,-86.5,1,-,Not recorded,Introduced,1996,-,CABI (Undated a); Bandyopadhyay et al. (1998); CABI and EPPO (2006); EPPO (2020),-,Claviceps africana
Jamaica,18.16667,-77.25,1,-,Not recorded,Introduced,1997,-,CABI (Undated a); Bandyopadhyay et al. (1998); CABI and EPPO (2006); EPPO (2020),-,Claviceps africana
Mexico,23,-102,1,-,Not recorded,Introduced,1997,-,CABI (Undated a); Bandyopadhyay et al. (1998); CABI (Undated); CABI and EPPO (2006); EPPO (2020); Torres and Montez (1997),-,Claviceps africana
Netherlands Antilles,12.11721,-68.91964,1,-,Not recorded,-,Not recorded,-,EPPO (2020),-,Claviceps africana
Puerto Rico,18.24829,-66.49989,1,-,Not recorded,Introduced,1997,-,CABI (Undated a); Bandyopadhyay et al. (1998); CABI and EPPO (2006); EPPO (2020),-,Claviceps africana
United States,39.76,-98.5,1,Localized,Not recorded,Introduced,1997,-,CABI (Undated a); Alderman et al. (2004); CABI and EPPO (2006); EPPO (2020),-,Claviceps africana
Arkansas,34.75037,-92.50044,1,Localized,Not recorded,Introduced,2000,-,Ross et al. (2002),-,Claviceps africana
Florida,28.75054,-82.5001,1,-,Not recorded,Introduced,Not recorded,-,CABI (Undated a); Bandyopadhyay et al. (1998); CABI and EPPO (2006); EPPO (2020); Miller (1997),-,Claviceps africana
Georgia,32.75042,-83.50018,1,-,Not recorded,Introduced,1997,-,CABI (Undated a); Alderman et al. (2004); Bandyopadhyay et al. (1998); CABI and EPPO (2006); EPPO (2020); Odvody et al. (1998),-,Claviceps africana
Kansas,38.50029,-98.50063,1,-,Not recorded,Introduced,1997,-,CABI (Undated a); Alderman et al. (2004); Bandyopadhyay et al. (1998); CABI and EPPO (2006); Claflin (1998); EPPO (2020),-,Claviceps africana
Mississippi,32.75041,-89.75036,1,-,Not recorded,Introduced,1998,-,CABI (Undated a); Alderman et al. (2004); Bandyopadhyay et al. (1998); CABI and EPPO (2006); Zummo et al. (1998),-,Claviceps africana
Nebraska,41.50028,-99.75067,1,-,Not recorded,Introduced,1997,-,CABI (Undated a); Bandyopadhyay et al. (1998); CABI and EPPO (2006); EPPO (2020); Odvody et al. (1998),-,Claviceps africana
Oklahoma,35.49209,-97.50328,1,-,Not recorded,Introduced,Not recorded,-,CABI (Undated a); CABI and EPPO (2006); EPPO (2020),-,Claviceps africana
Texas,31.25044,-99.25061,1,-,Not recorded,Introduced,1997,-,CABI (Undated a); Alderman et al. (2004); Bandyopadhyay et al. (1998); EPPO (2020); Isakeit et al. (1998),-,Claviceps africana
Australia,-25,135,1,Localized,Not recorded,Introduced,1996,-,CABI (Undated a); CABI and EPPO (2006); EPPO (2020),-,Claviceps africana
New South Wales,-33,146,1,-,Not recorded,Introduced,1996,-,CABI (Undated a); CABI and EPPO (2006); EPPO (2020),-,Claviceps africana
Queensland,-20,145,1,-,Not recorded,Introduced,1996,-,CABI (Undated a); Bandyopadhyay et al. (1998); CABI and EPPO (2006); EPPO (2020); Ryley et al. (1996),-,Claviceps africana
Argentina,-34,-64,1,-,Not recorded,Introduced,1996,-,CABI (Undated a); Bandyopadhyay et al. (1998); CABI and EPPO (2006); EPPO (2020),-,Claviceps africana
Bolivia,-17,-65,1,-,Not recorded,Introduced,1996,-,CABI (Undated a); Bandyopadhyay et al. (1998); CABI and EPPO (2006); EPPO (2020),-,Claviceps africana
Brazil,-10,-55,1,-,Not recorded,Introduced,1995,-,CABI (Undated a); Almeida Pinto et al. (1997); Bandyopadhyay et al. (1998); CABI and EPPO (2006); EPPO (2020),-,Claviceps africana
Goias,-15.58071,-49.63623,1,-,Not recorded,Introduced,1995,-,CABI (Undated a); CABI and EPPO (2006); EPPO (2020); Reis et al. (1996),-,Claviceps africana
Minas Gerais,-18,-44,1,-,Not recorded,Introduced,1995,-,CABI (Undated a); CABI and EPPO (2006); EPPO (2020); Reis et al. (1996),-,Claviceps africana
Santa Catarina,-27,-50,1,-,Not recorded,Introduced,Not recorded,-,CABI (Undated a); Bogo and Boff (1997); CABI and EPPO (2006); EPPO (2020),-,Claviceps africana
Sao Paulo,-22,-49,1,-,Not recorded,Introduced,1995,-,CABI (Undated a); CABI and EPPO (2006); EPPO (2020); Reis et al. (1996),-,Claviceps africana
Colombia,4,-73.25,1,-,Not recorded,Introduced,1996,-,CABI (Undated a); Bandyopadhyay et al. (1998); CABI (Undated); CABI and EPPO (2006); EPPO (2020),-,Claviceps africana
Paraguay,-23.33333,-58,1,-,Not recorded,Introduced,1996,-,CABI (Undated a); Bandyopadhyay et al. (1998); CABI and EPPO (2006); EPPO (2020),-,Claviceps africana
Uruguay,-33,-56,1,-,Not recorded,Introduced,1996,-,CABI (Undated a); Bandyopadhyay et al. (1998); CABI and EPPO (2006); EPPO (2020),-,Claviceps africana
Venezuela,8,-66,1,-,Not recorded,Introduced,1996,-,CABI (Undated a); Bandyopadhyay et al. (1998); CABI and EPPO (2006); EPPO (2020),-,Claviceps africana
Bangladesh,24,90,1,-,Not recorded,-,Not recorded,-,Fatema Yeasmin and Shamim Shamsi (2013),,Curvularia clavata
China,35,105,1,-,Not recorded,-,2010,-,Chen et al. (2013),,Curvularia clavata
Hainan,19.25,109.75,1,-,Not recorded,-,Not recorded,-,Chen et al. (2013),,Curvularia clavata
India,22,79,1,-,Not recorded,-,2011,-,Narmadhavathy et al. (2013),,Curvularia clavata
Tamil Nadu,11,78.33333,1,-,Not recorded,-,Not recorded,-,Narmadhavathy et al. (2013),,Curvularia clavata
Niger,18,9,1,-,Not recorded,-,Not recorded,-,Ratnadass et al. (2012),-,Eurystylus oldi
Burkina Faso,12.5,-1.66667,1,-,Not recorded,-,Not recorded,-,Ba et al. (2008),-,Maliarpha separatella
Cameroon,6,12.5,1,-,Not recorded,-,Not recorded,-,Martin (1958),Specimen record,Maliarpha separatella
CÙte d'Ivoire,8,-5.5,1,-,Not recorded,-,Not recorded,-,CABI (Undated),Original citation: Monnet (1979?),Maliarpha separatella
Eswatini,-26.5,31.5,1,-,Not recorded,-,Not recorded,-,Hall (1955),-,Maliarpha separatella
Ghana,8.1,-1.2,1,-,Not recorded,-,Not recorded,-,Martin (1958),Specimen record,Maliarpha separatella
Kenya,1,38,1,-,Not recorded,-,Not recorded,-,Njokah et al. (1982); Nye (1960),-,Maliarpha separatella
Liberia,6.5,-9.5,1,-,Not recorded,-,Not recorded,-,Virmani (1980),-,Maliarpha separatella
Madagascar,-20,47,1,-,Not recorded,-,Not recorded,-,Bianchi et al. (1989); Martin (1958),Specimen record,Maliarpha separatella
Malawi,-13.5,34,1,-,Not recorded,-,Not recorded,-,Martin (1958),Specimen record,Maliarpha separatella
Nigeria,10,8,1,-,Not recorded,-,Not recorded,-,Akinsola (1975),-,Maliarpha separatella
Senegal,14.5,-14.25,1,-,Not recorded,-,Not recorded,-,Djiba (1995),-,Maliarpha separatella
Tanzania,-6,35,1,-,Not recorded,-,Not recorded,-,Nye (1960),As Tanganyika,Maliarpha separatella
Uganda,1.25,32.5,1,-,Not recorded,-,Not recorded,-,Nye (1960),-,Maliarpha separatella
China,35,105,1,-,Not recorded,-,Not recorded,-,Martin (1958),Specimen record,Maliarpha separatella
India,22,79,1,-,Not recorded,-,Not recorded,-,CABI (Undated a),Present based on regional distribution.,Maliarpha separatella
Punjab,30.91667,75.41667,1,-,Not recorded,-,Not recorded,-,Sandhu and Chander (1976),First record on Sorghum. First record in India this century. Bianchi et al. (1993) disputes this record.,Maliarpha separatella
Myanmar,21,96,1,-,Not recorded,-,Not recorded,-,Martin (1958),Specimen record,Maliarpha separatella
Papua New Guinea,-6,147,1,-,Not recorded,-,Not recorded,-,Li (1985),On sugarcane. Bianchi et al. (1993) disputes this record.,Maliarpha separatella
Angola,-12.5,18.5,1,-,Not recorded,Introduced,Not recorded,-,GBIF (2012),-,Paspalum urvillei
Eswatini,-26.5,31.5,1,-,Not recorded,Introduced,Not recorded,-,GBIF (2012),-,Paspalum urvillei
Liberia,6.5,-9.5,1,-,Not recorded,Introduced,Not recorded,-,GBIF (2012),-,Paspalum urvillei
Madagascar,-20,47,1,-,Not recorded,Introduced,Not recorded,-,CIRAD (2012),species recently introduced and cultivated as fodder,Paspalum urvillei
Malawi,-13.5,34,1,-,Not recorded,Introduced,Not recorded,-,GBIF (2012),-,Paspalum urvillei
Mauritius,-20.3,57.58333,1,-,Not recorded,Introduced,Not recorded,Invasive,CIRAD (2012),-,Paspalum urvillei
Mozambique,-18.25,35,1,-,Not recorded,Introduced,Not recorded,-,GBIF (2012),-,Paspalum urvillei
RÈunion,-21.1,55.6,1,-,Not recorded,Introduced,Not recorded,Invasive,NIISS (2012),-,Paspalum urvillei
Saint Helena,-15.95,-5.7,1,-,Not recorded,Introduced,Not recorded,-,GBIF (2012),-,Paspalum urvillei
South Africa,-29,24,1,-,Not recorded,Introduced,Not recorded,-,GBIF (2012),-,Paspalum urvillei
Zimbabwe,-19,29.75,1,-,Not recorded,Introduced,Not recorded,-,GBIF (2012),-,Paspalum urvillei
China,35,105,1,-,Not recorded,-,Not recorded,-,CABI (Undated a),Present based on regional distribution.,Paspalum urvillei
Fujian,26.25,118,1,-,Not recorded,Introduced,Not recorded,-,Flora of China Editorial Committee (2012),-,Paspalum urvillei
Hunan,27.66667,111.75,1,-,Not recorded,-,Not recorded,-,Zeng XianFeng (2013),-,Paspalum urvillei
Jiangxi,27.66667,115.66667,1,-,Not recorded,-,Not recorded,-,Zeng XianFeng and Qiu HeYuan (2013),-,Paspalum urvillei
Hong Kong,22.25,114.16667,1,-,Not recorded,Introduced,Not recorded,Invasive,CABI (Undated b); Flora of China Editorial Committee (2012); PIER (2012),-,Paspalum urvillei
India,22,79,1,-,Not recorded,Introduced,Not recorded,-,Hanelt et al. (2001),-,Paspalum urvillei
Indonesia,-5,120,1,-,Not recorded,Introduced,Not recorded,-,PIER (2012),-,Paspalum urvillei
Japan,35.68536,139.75309,1,-,Not recorded,Introduced,Not recorded,Invasive,CABI (Undated b); Auld et al. (2003); Mito and Uesugi (2004),-,Paspalum urvillei
Honshu,36,138,1,-,Not recorded,Introduced,Not recorded,Invasive,GBIF (2012),-,Paspalum urvillei
Sri Lanka,7.75,80.75,1,Widespread,Not recorded,Introduced,Not recorded,-,CABI (Undated b); GBIF (2012); Missouri Botanical Garden (2012),-,Paspalum urvillei
Taiwan,24,121,1,-,Not recorded,Introduced,Not recorded,-,CABI (Undated b); Flora of China Editorial Committee (2012); GBIF (2012),-,Paspalum urvillei
Vietnam,16.16667,107.83333,1,-,Not recorded,Introduced,Not recorded,-,GBIF (2012),-,Paspalum urvillei
Portugal,39.6945,-8.13057,1,-,Not recorded,Introduced,Not recorded,-,GBIF (2012),-,Paspalum urvillei
Azores,37.80847,-25.47466,1,-,Not recorded,Introduced,Not recorded,Invasive,DAISIE (2012),-,Paspalum urvillei
Spain,40,-4,1,-,Not recorded,Introduced,Not recorded,-,CABI (Undated b); GBIF (2012); Litzler (1979); S·nchez (1981); Viera and Vesa (1990),-,Paspalum urvillei
Bahamas,25.04082,-77.37122,1,-,Not recorded,Introduced,Not recorded,-,Missouri Botanical Garden (2012),-,Paspalum urvillei
Belize,17.25,-88.75,1,-,Not recorded,Introduced,Not recorded,-,Soreng et al. (2012),-,Paspalum urvillei
Costa Rica,10,-84,1,-,Not recorded,Introduced,Not recorded,-,Missouri Botanical Garden (2012),-,Paspalum urvillei
Dominican Republic,19,-70.66667,1,-,Not recorded,Introduced,Not recorded,-,Missouri Botanical Garden (2012),-,Paspalum urvillei
Honduras,15,-86.5,1,-,Not recorded,Introduced,Not recorded,-,Missouri Botanical Garden (2012),-,Paspalum urvillei
Mexico,23,-102,1,-,Not recorded,Introduced,Not recorded,-,GBIF (2012),-,Paspalum urvillei
Puerto Rico,18.24829,-66.49989,1,Widespread,Not recorded,Introduced,Not recorded,Invasive,CABI (Undated b); Missouri Botanical Garden (2012); USDA-NRCS (2012),-,Paspalum urvillei
United States,39.76,-98.5,1,Widespread,Not recorded,Introduced,Not recorded,Invasive,CABI (Undated b); Kartesz (2011); USDA-NRCS (2012); Weakley (2012),-,Paspalum urvillei
Alabama,32.75041,-86.75026,1,Widespread,Not recorded,Introduced,Not recorded,Invasive,Kral et al. (2012),-,Paspalum urvillei
Arkansas,34.75037,-92.50044,1,-,Not recorded,Introduced,Not recorded,Invasive,CABI (Undated b); Missouri Botanical Garden (2012); Moore (1941),-,Paspalum urvillei
California,37.25022,-119.75126,1,-,Not recorded,Introduced,Not recorded,Invasive,CABI (Undated b); Calflora (2012); Missouri Botanical Garden (2012); Riefner and Boyd (2007),-,Paspalum urvillei
Florida,28.75054,-82.5001,1,Widespread,Not recorded,Introduced,Not recorded,Invasive,CABI (Undated b); Martin (2002); Missouri Botanical Garden (2012),-,Paspalum urvillei
Georgia,32.75042,-83.50018,1,Widespread,Not recorded,Introduced,Not recorded,Invasive,CABI (Undated b); CABI (Undated); Zomlefer et al. (2008),-,Paspalum urvillei
Hawaii,20.78785,-156.38612,1,Widespread,Not recorded,Introduced,Not recorded,Invasive,CABI (Undated b); Motooka et al. (2003); PIER (2012); USDA-NRCS (2012),-,Paspalum urvillei
Kansas,38.50029,-98.50063,1,Few occurrences,Not recorded,Introduced,Not recorded,-,Petrik-Ott (1973),One specimen collected 1936,Paspalum urvillei
Kentucky,38.20042,-84.87762,1,-,Not recorded,Introduced,Not recorded,Invasive,USDA-NRCS (2012),-,Paspalum urvillei
Louisiana,31.00047,-92.0004,1,Widespread,Not recorded,Introduced,Not recorded,Invasive,CABI (Undated b); CABI (Undated); Langlois (1884),-,Paspalum urvillei
Mississippi,32.75041,-89.75036,1,Widespread,Not recorded,Introduced,Not recorded,Invasive,Missouri Botanical Garden (2012),-,Paspalum urvillei
Missouri,38.25031,-92.50046,1,-,Not recorded,Introduced,Not recorded,-,Kucera (1998),-,Paspalum urvillei
North Carolina,35.50069,-80.00032,1,Widespread,Not recorded,Introduced,Not recorded,Invasive,Missouri Botanical Garden (2012),-,Paspalum urvillei
Oklahoma,35.49209,-97.50328,1,Localized,Not recorded,Introduced,Not recorded,-,Oklahoma Biological Survey (2012),-,Paspalum urvillei
South Carolina,34.00043,-81.00009,1,Widespread,Not recorded,Introduced,Not recorded,Invasive,Missouri Botanical Garden (2012),-,Paspalum urvillei
Tennessee,35.75035,-86.25027,1,-,Not recorded,Introduced,Not recorded,Invasive,USDA-NRCS (2012),-,Paspalum urvillei
Texas,31.25044,-99.25061,1,Widespread,Not recorded,Introduced,Not recorded,Invasive,CABI (Undated b); CABI (Undated); Loflin and Loflin (2006); Missouri Botanical Garden (2012),-,Paspalum urvillei
Virginia,37.54812,-77.44675,1,-,Not recorded,Introduced,Not recorded,Invasive,CABI (Undated b); Askew (2012); Missouri Botanical Garden (2012),-,Paspalum urvillei
American Samoa,-14.23377,-169.47767,1,Widespread,Not recorded,Introduced,Not recorded,Invasive,GBIF (2012),-,Paspalum urvillei
Australia,-25,135,1,Widespread,Not recorded,Introduced,Not recorded,Invasive,CABI (Undated b); Auld et al. (2003); CABI (Undated); Council of Heads of Australasian Herbaria (2012); GBIF (2012); Mills et al. (2001),-,Paspalum urvillei
Lord Howe Island,-31.55455,159.08246,1,-,Not recorded,Introduced,Not recorded,-,Queensland Government (2012),-,Paspalum urvillei
New South Wales,-33,146,1,Widespread,Not recorded,Introduced,Not recorded,Invasive,CABI (Undated b); CABI (Undated); Council of Heads of Australasian Herbaria (2012),-,Paspalum urvillei
Northern Territory,-20,134,1,-,Not recorded,Introduced,Not recorded,-,Queensland Government (2012),-,Paspalum urvillei
Queensland,-20,145,1,Widespread,Not recorded,Introduced,Not recorded,Invasive,GBIF (2012); Mills et al. (2001),-,Paspalum urvillei
South Australia,-30,135,1,-,Not recorded,Introduced,Not recorded,-,Queensland Government (2012),-,Paspalum urvillei
Tasmania,-42,147,1,-,Not recorded,Introduced,Not recorded,Invasive,Council of Heads of Australasian Herbaria (2012),-,Paspalum urvillei
Victoria,-37,145,1,Widespread,Not recorded,Introduced,Not recorded,Invasive,Council of Heads of Australasian Herbaria (2012),-,Paspalum urvillei
Western Australia,-25,122,1,Widespread,Not recorded,Introduced,Not recorded,Invasive,Council of Heads of Australasian Herbaria (2012),-,Paspalum urvillei
Cook Islands,-21.24842,-159.78516,1,-,Not recorded,Introduced,Not recorded,-,GBIF (2012),-,Paspalum urvillei
Fiji,-18,178,1,-,Not recorded,Introduced,Not recorded,-,GBIF (2012),-,Paspalum urvillei
Guam,13.47861,144.81834,1,-,Not recorded,Introduced,Not recorded,-,Stone (1970),-,Paspalum urvillei
New Caledonia,-21.5,165.5,1,-,Not recorded,Introduced,Not recorded,-,GBIF (2012),-,Paspalum urvillei
New Zealand,-42,174,1,-,Not recorded,Introduced,Not recorded,Invasive,GBIF (2012),-,Paspalum urvillei
Norfolk Island,-29.03333,167.95,1,-,Not recorded,Introduced,Not recorded,-,Queensland Government (2012),-,Paspalum urvillei
U.S. Minor Outlying Islands,5.875,-162.057,1,-,Not recorded,Introduced,Not recorded,-,PIER (2012),-,Paspalum urvillei
Midway Islands,28.20935,-177.37813,1,-,Not recorded,Introduced,Not recorded,-,Motooka et al. (2003),-,Paspalum urvillei
Argentina,-34,-64,1,Widespread,Not recorded,Native,Not recorded,-,CABI (Undated b); Missouri Botanical Garden (2012); Soreng et al. (2012); Zuloaga et al. (1994),-,Paspalum urvillei
Bolivia,-17,-65,1,Widespread,Not recorded,Native,Not recorded,-,CABI (Undated b); Missouri Botanical Garden (2012); Soreng et al. (2012),-,Paspalum urvillei
Brazil,-10,-55,1,-,Not recorded,Native,Not recorded,-,CABI (Undated b); CABI (Undated); D'Urville (1822); Parodi (1937),-,Paspalum urvillei
Bahia,-12,-42,1,-,Not recorded,Native,Not recorded,-,CABI (Undated b); CABI (Undated); Missouri Botanical Garden (2012),-,Paspalum urvillei
Espirito Santo,-20,-40.75,1,-,Not recorded,Native,Not recorded,-,CABI (Undated),Original citation: Forzza et al (2010),Paspalum urvillei
Goias,-15.58071,-49.63623,1,-,Not recorded,Native,Not recorded,-,Missouri Botanical Garden (2012); CABI (Undated),Also in Distrito Federal.,Paspalum urvillei
Mato Grosso,-13,-56,1,-,Not recorded,Native,Not recorded,-,CABI (Undated),Original citation: Forzza et al (2010),Paspalum urvillei
Mato Grosso do Sul,-20.5,-55,1,-,Not recorded,Native,Not recorded,-,CABI (Undated),Original citation: Forzza et al (2010),Paspalum urvillei
Minas Gerais,-18,-44,1,-,Not recorded,Native,Not recorded,-,CABI (Undated),Original citation: Forzza et al (2010),Paspalum urvillei
Parana,-24.5,-51.33333,1,-,Not recorded,Native,Not recorded,-,CABI (Undated b); CABI (Undated); Missouri Botanical Garden (2012),-,Paspalum urvillei
Rio de Janeiro,-22.25,-42.5,1,-,Not recorded,Native,Not recorded,-,CABI (Undated b); CABI (Undated); Missouri Botanical Garden (2012),-,Paspalum urvillei
Rio Grande do Sul,-30,-53.5,1,-,Not recorded,Native,Not recorded,-,CABI (Undated b); Burson (1992); CABI (Undated),-,Paspalum urvillei
Santa Catarina,-27,-50,1,-,Not recorded,Native,Not recorded,-,CABI (Undated b); CABI (Undated); Missouri Botanical Garden (2012),-,Paspalum urvillei
Sao Paulo,-22,-49,1,-,Not recorded,Native,Not recorded,-,CABI (Undated b); CABI (Undated); Missouri Botanical Garden (2012),-,Paspalum urvillei
Chile,-30,-71,1,-,Not recorded,-,Not recorded,-,GBIF (2012); Missouri Botanical Garden (2012),-,Paspalum urvillei
Ecuador,-1.25,-78.25,1,-,Not recorded,-,Not recorded,-,Missouri Botanical Garden (2012),-,Paspalum urvillei
French Guiana,4,-53,1,-,Not recorded,Native,Not recorded,-,GBIF (2012),-,Paspalum urvillei
Paraguay,-23.33333,-58,1,-,Not recorded,Native,Not recorded,-,Missouri Botanical Garden (2012),-,Paspalum urvillei
Uruguay,-33,-56,1,-,Not recorded,Native,Not recorded,-,Missouri Botanical Garden (2012),-,Paspalum urvillei
Australia,-25,135,1,-,Not recorded,-,Not recorded,-,Shivas et al. (2012),-,Peronosclerospora australiensis
Western Australia,-25,122,1,-,Not recorded,-,Not recorded,-,Shivas et al. (2012),-,Peronosclerospora australiensis
Australia,-25,135,1,-,Not recorded,-,Not recorded,-,Shivas et al. (2012),-,Peronosclerospora sargae
Northern Territory,-20,134,1,-,Not recorded,-,Not recorded,-,Shivas et al. (2012),-,Peronosclerospora sargae
Angola,-12.5,18.5,1,-,Not recorded,Introduced,2017,Invasive,FAO (2017a); EPPO (2020),-,Spodoptera frugiperda
Benin,9.5,2.25,1,-,Not recorded,Introduced,2016,Invasive,IITA (2016); EPPO (2020),-,Spodoptera frugiperda
Botswana,-22,24,1,-,Not recorded,Introduced,2017,Invasive,FAO (2017a); EPPO (2020),-,Spodoptera frugiperda
Burkina Faso,12.5,-1.66667,1,Widespread,Not recorded,Introduced,2017,Invasive,IPPC (2017a); EPPO (2020),-,Spodoptera frugiperda
Burundi,-3.5,30,1,-,Not recorded,Introduced,2017,Invasive,FAO (2017a); EPPO (2020),-,Spodoptera frugiperda
Cabo Verde,16,-24,1,-,Not recorded,Introduced,2017,Invasive,FAO (2017); EPPO (2020),-,Spodoptera frugiperda
Cameroon,6,12.5,1,Localized,Not recorded,Introduced,2017,Invasive,IPPC (2017b); Abrahams et al. (2017); EPPO (2020),-,Spodoptera frugiperda
Central African Republic,7,21,1,-,Not recorded,Introduced,2017,Invasive,FAO (2018); EPPO (2020),-,Spodoptera frugiperda
Chad,15,19,1,-,Not recorded,Introduced,2017,Invasive,Day et al. (2017); EPPO (2020),-,Spodoptera frugiperda
"Congo, Democratic Republic of the",-2.5,23.5,1,-,Not recorded,Introduced,2017,Invasive,IPAPEL-FAO (2017); Day et al. (2017); EPPO (2020),-,Spodoptera frugiperda
"Congo, Republic of the",-1,15.5,1,-,Not recorded,Introduced,2017,Invasive,FAO (2018); Day et al. (2017); EPPO (2020),Detected awaiting official reporting,Spodoptera frugiperda
CÙte d'Ivoire,8,-5.5,1,-,Not recorded,-,Not recorded,-,FAO (2018); EPPO (2020),-,Spodoptera frugiperda
Egypt,27,30,1,Localized,Not recorded,-,Not recorded,-,IPPC (2019d); EPPO (2020),-,Spodoptera frugiperda
Eritrea,15,39,1,-,Not recorded,-,Not recorded,-,Ministry of Agriculture of the State of Eritrea (2018),-,Spodoptera frugiperda
Eswatini,-26.5,31.5,1,Localized,Not recorded,Introduced,2017,Invasive,IPPC (2017); Day et al. (2017); EPPO (2020),-,Spodoptera frugiperda
Ethiopia,9,39.5,1,-,Not recorded,Introduced,2017,Invasive,Day et al. (2017); EPPO (2020),-,Spodoptera frugiperda
Gabon,-1,11.75,1,Widespread,Not recorded,Introduced,Not recorded,Invasive,IPPC (2019); EPPO (2020); FAO (2018),-,Spodoptera frugiperda
Gambia,13.5,-15.5,1,-,Not recorded,Introduced,Not recorded,Invasive,FAO (2017),-,Spodoptera frugiperda
Ghana,8.1,-1.2,1,Widespread,Not recorded,Introduced,2017,Invasive,CABI (Undated a); CABI (Undated); Cock et al. (2017); Day et al. (2017); EPPO (2020); IPPC (2018); IPPC (2020d),-,Spodoptera frugiperda
Guinea,10.83333,-10.66667,1,-,Not recorded,Introduced,2017,Invasive,Day et al. (2017); EPPO (2020),-,Spodoptera frugiperda
Guinea-Bissau,12,-15,1,-,Not recorded,Introduced,2017,Invasive,FAO (2017); EPPO (2020),-,Spodoptera frugiperda
Kenya,1,38,1,-,Not recorded,Introduced,2017,Invasive,CABI (Undated); Day et al. (2017); EPPO (2020),"Original citation: Republic and of Kenya Ministry of Agriculture, Livestock & Fisheries (2017)",Spodoptera frugiperda
Liberia,6.5,-9.5,1,-,Not recorded,Introduced,Not recorded,Invasive,FAO (2018); EPPO (2020),-,Spodoptera frugiperda
Madagascar,-20,47,1,-,Not recorded,Introduced,2017,Invasive,FAO (2017); Chinwada (2018); EPPO (2020),-,Spodoptera frugiperda
Malawi,-13.5,34,1,-,Not recorded,Introduced,2017,Invasive,Day et al. (2017); EPPO (2020),-,Spodoptera frugiperda
Mali,18,-2,1,-,Not recorded,Introduced,Not recorded,Invasive,FAO (2017); EPPO (2020),-,Spodoptera frugiperda
Mauritania,20.25,-10.5,1,Localized,Not recorded,-,Not recorded,-,EPPO (2020),-,Spodoptera frugiperda
Mayotte,-12.83333,45.16667,1,Localized,Not recorded,-,Not recorded,-,EPPO (2020),-,Spodoptera frugiperda
Mozambique,-18.25,35,1,-,Not recorded,Introduced,2017,Invasive,Day et al. (2017); EPPO (2020),-,Spodoptera frugiperda
Namibia,-22,17,1,-,Not recorded,Introduced,2017,Invasive,Day et al. (2017); EPPO (2020),-,Spodoptera frugiperda
Niger,18,9,1,-,Not recorded,Introduced,2017,Invasive,Day et al. (2017); EPPO (2020),-,Spodoptera frugiperda
Nigeria,10,8,1,-,Not recorded,Introduced,2016,Invasive,IITA (2016); Day et al. (2017); EPPO (2020),"First reported in Jan. 2016 in the southwest, within a few months, also in northern Nigeria, Edo and additional southwest areas",Spodoptera frugiperda
RÈunion,-21.1,55.6,1,Localized,Not recorded,-,Not recorded,-,EPPO (2020),-,Spodoptera frugiperda
Rwanda,-2,30,1,-,Not recorded,Introduced,2017,Invasive,Day et al. (2017); EPPO (2020); Uzayisenga et al. (2018),-,Spodoptera frugiperda
S„o TomÈ and PrÌncipe,1,7,1,Widespread,Not recorded,Introduced,2016,Invasive,IPPC (2016); Day et al. (2017); EPPO (2020),-,Spodoptera frugiperda
Senegal,14.5,-14.25,1,-,Not recorded,Introduced,2017,Invasive,FAO (2017); EPPO (2020),-,Spodoptera frugiperda
Seychelles,-4.58333,55.66667,1,-,Not recorded,Introduced,2017,Invasive,FAO (2017); EPPO (2020),-,Spodoptera frugiperda
Sierra Leone,8.5,-11.5,1,-,Not recorded,Introduced,2017,Invasive,FAO (2017a); EPPO (2020),-,Spodoptera frugiperda
Somalia,6,48,1,-,Not recorded,Introduced,2017,Invasive,FAO (2017); EPPO (2020),-,Spodoptera frugiperda
South Africa,-29,24,1,-,Not recorded,Introduced,2017,Invasive,Day et al. (2017); EPPO (2020); Jacobs et al. (2018),-,Spodoptera frugiperda
South Sudan,7.5,30,1,-,Not recorded,-,Not recorded,-,FAO (2017); EPPO (2020),-,Spodoptera frugiperda
Sudan,16,30,1,-,Not recorded,Introduced,2017,Invasive,Day et al. (2017); EPPO (2020),South Sudan,Spodoptera frugiperda
Tanzania,-6,35,1,-,Not recorded,Introduced,2017,Invasive,Day et al. (2017); EPPO (2020),-,Spodoptera frugiperda
Togo,8.66667,1.08333,1,-,Not recorded,Introduced,2016,Invasive,IITA (2016); Day et al. (2017); EPPO (2020),Kara and Plateau regions,Spodoptera frugiperda
Uganda,1.25,32.5,1,-,Not recorded,Introduced,2017,Invasive,Day et al. (2017); EPPO (2020); Otim et al. (2018),-,Spodoptera frugiperda
Zambia,-14.33333,28.5,1,-,Not recorded,Introduced,2017,Invasive,IPPC (2017c); Day et al. (2017); EPPO (2020),Preliminary report. CABI barcoded specimens.,Spodoptera frugiperda
Zimbabwe,-19,29.75,1,-,Not recorded,Introduced,2017,Invasive,CABI (Undated); Day et al. (2017); EPPO (2020),Original citation: FAO (2017),Spodoptera frugiperda
Bangladesh,24,90,1,-,Not recorded,-,Not recorded,-,FAO (2019); EPPO (2020),-,Spodoptera frugiperda
China,35,105,1,-,Not recorded,-,Not recorded,-,FAO (2019c); EPPO (2020); FAO (2019),-,Spodoptera frugiperda
Chongqing,30.08333,107.83333,1,-,Not recorded,-,Not recorded,-,FAO (2019d),-,Spodoptera frugiperda
Fujian,26.25,118,1,-,Not recorded,-,Not recorded,-,FAO (2019d),-,Spodoptera frugiperda
Guangdong,23.5,113.25,1,-,Not recorded,-,Not recorded,-,FAO (2019d),-,Spodoptera frugiperda
Guangxi,24,109,1,-,Not recorded,-,Not recorded,-,FAO (2019d),-,Spodoptera frugiperda
Guizhou,27,107,1,-,Not recorded,-,Not recorded,-,FAO (2019d),-,Spodoptera frugiperda
Hainan,19.25,109.75,1,-,Not recorded,-,Not recorded,-,FAO (2019d),-,Spodoptera frugiperda
Henan,34,113.66667,1,-,Not recorded,-,Not recorded,-,FAO (2019d),-,Spodoptera frugiperda
Hubei,31,112.25,1,-,Not recorded,-,Not recorded,-,FAO (2019d),-,Spodoptera frugiperda
Hunan,27.66667,111.75,1,-,Not recorded,-,Not recorded,-,FAO (2019d),-,Spodoptera frugiperda
Jiangxi,27.66667,115.66667,1,-,Not recorded,-,Not recorded,-,FAO (2019d),-,Spodoptera frugiperda
Sichuan,30.5,102.66667,1,-,Not recorded,-,Not recorded,-,FAO (2019d),-,Spodoptera frugiperda
Yunnan,25,101.5,1,-,Not recorded,-,Not recorded,-,FAO (2019c); EPPO (2020); FAO (2019d),-,Spodoptera frugiperda
Zhejiang,29.16667,120,1,-,Not recorded,-,Not recorded,-,FAO (2019d),-,Spodoptera frugiperda
India,22,79,1,Localized,Not recorded,Introduced,Not recorded,-,ICAR-NBAIR (2018); Dharmpal Kerketta et al. (2020); EPPO (2020); Ganiger et al. (2018); Ganiger et al. (2018a); Sharanabasappa et al. (2018),-,Spodoptera frugiperda
Andhra Pradesh,15.83333,79.75,1,Localized,Not recorded,Introduced,2018,-,CABI (Undated a); EPPO (2020); ICAR-NBAIR (2018a); Swamy et al. (2018),-,Spodoptera frugiperda
Bihar,25.75,85.75,1,-,Not recorded,-,Not recorded,-,EPPO (2019); EPPO (2020),-,Spodoptera frugiperda
Chhattisgarh,21.5,82,1,-,Not recorded,-,Not recorded,-,EPPO (2019); EPPO (2020),-,Spodoptera frugiperda
Goa,15.33333,74.08333,1,-,Not recorded,-,Not recorded,-,EPPO (2020),-,Spodoptera frugiperda
Gujarat,23,71.75,1,-,Not recorded,-,Not recorded,-,EPPO (2019); EPPO (2020),-,Spodoptera frugiperda
Karnataka,14.66667,75.83333,1,Localized,Not recorded,Introduced,2018,-,CABI (Undated a); EPPO (2020); Ganiger et al. (2018); Ganiger et al. (2018a); ICAR-NBAIR (2018); ICAR-NBAIR (2018a); IITA (2018); Sharanabasappa and Kalleshwara swamy (2018); Sharanabasappa et al. (2018),-,Spodoptera frugiperda
Kerala,10.41667,76.5,1,-,Not recorded,-,Not recorded,-,Gavas Ragesh and Sanju Balan (2020),-,Spodoptera frugiperda
Madhya Pradesh,23.5,78.5,1,-,Not recorded,Introduced,Not recorded,-,Swamy et al. (2018); EPPO (2020),-,Spodoptera frugiperda
Maharashtra,19.5,76,1,-,Not recorded,Introduced,2018,-,CABI (Undated a); EPPO (2020); ICAR-NBAIR (2018a); Swamy et al. (2018),-,Spodoptera frugiperda
Odisha,20.5,84.41667,1,-,Not recorded,-,Not recorded,-,EPPO (2019); Dharmpal Kerketta et al. (2020); Dharmpal Kerketta et al. (2020); EPPO (2020),-,Spodoptera frugiperda
Tamil Nadu,11,78.33333,1,-,Not recorded,Introduced,2018,-,CABI (Undated a); EPPO (2020); ICAR-NBAIR (2018a); Srikanth et al. (2018); Swamy et al. (2018),-,Spodoptera frugiperda
Telangana,17.83333,79.08333,1,-,Not recorded,-,Not recorded,-,FAO (2019d); EPPO (2020),-,Spodoptera frugiperda
West Bengal,24,88,1,-,Not recorded,-,Not recorded,-,EPPO (2019); EPPO (2020),-,Spodoptera frugiperda
Indonesia,-5,120,1,Localized,Not recorded,-,Not recorded,-,IPPC (2019g); EPPO (2020),"Sumatra, Java, Kalimantan",Spodoptera frugiperda
Java,-7.49167,110.00444,1,Localized,Not recorded,-,Not recorded,-,EPPO (2020),-,Spodoptera frugiperda
Sumatra,0,102,1,Localized,Not recorded,-,Not recorded,-,EPPO (2020),-,Spodoptera frugiperda
Israel,31.5,34.75,1,-,Not recorded,-,Not recorded,-,EPPO (2020),-,Spodoptera frugiperda
Japan,35.68536,139.75309,1,Transient under eradication,Not recorded,-,Not recorded,-,IPPC (2019c); EPPO (2020),"Preliminary report. Minamikyushu-City, Kagoshima-Prefecture",Spodoptera frugiperda
Kyushu,32.42944,130.99099,1,Transient under eradication,Not recorded,-,Not recorded,-,EPPO (2020),-,Spodoptera frugiperda
Jordan,31,36,1,Localized,Not recorded,-,2020,-,IPPC (2020e),Jordan valley,Spodoptera frugiperda
Laos,18,105,1,-,Not recorded,-,Not recorded,-,FAO (2019b); EPPO (2020),-,Spodoptera frugiperda
Malaysia,2.5,112.5,1,-,Not recorded,-,Not recorded,-,CABI (Undated); EPPO (2020); FAO (2019b),Present: under eradication; Original citation: IPPC (2019j),Spodoptera frugiperda
Myanmar,21,96,1,-,Not recorded,-,Not recorded,-,IPPC (2019a); EPPO (2020); FAO (2019),Present: subject to official control,Spodoptera frugiperda
Nepal,28,84,1,-,Not recorded,-,Not recorded,-,Ratna et al. (2019); EPPO (2020); IPPC (2019f),-,Spodoptera frugiperda
Pakistan,30,70,1,-,Not recorded,Introduced,2019,-,Naeem-Ullah et al. (2019),-,Spodoptera frugiperda
Philippines,13,122,1,Few occurrences,Not recorded,-,Not recorded,-,CABI (Undated); EPPO (2020),Preliminary report; Original citation: IPPC (2019i),Spodoptera frugiperda
South Korea,36.5,127.75,1,Transient under eradication,Not recorded,-,Not recorded,-,IPPC (2020b); EPPO (2020); IPPC (2019b); Lee GwanSeok et al. (2020); Lee GwanSeok et al. (2020),-,Spodoptera frugiperda
Sri Lanka,7.75,80.75,1,-,Not recorded,Introduced,Not recorded,-,FAO (2019a); EPPO (2020); FAO (2019),-,Spodoptera frugiperda
Syria,35,38,1,Localized,Not recorded,Introduced,2020,-,IPPC (2020f),-,Spodoptera frugiperda
Thailand,15.5,101,1,-,Not recorded,Introduced,2018,-,IPPC (2018); EPPO (2020); IPPC (2019d),Present: subject to official control.,Spodoptera frugiperda
United Arab Emirates,23.75,54.5,1,-,Not recorded,-,Not recorded,-,IPPC (2020a),Preliminary status report is Present: under eradication. ,Spodoptera frugiperda
Vietnam,16.16667,107.83333,1,-,Not recorded,-,Not recorded,-,FAO (2019b); EPPO (2020),-,Spodoptera frugiperda
Yemen,15.5,47.5,1,-,Not recorded,-,Not recorded,-,FAO (2018); EPPO (2020); IPPC (2019e),-,Spodoptera frugiperda
Anguilla,18.21667,-63.05,1,-,Not recorded,-,Not recorded,-,EPPO (2020),-,Spodoptera frugiperda
Antigua and Barbuda,17.05,-61.8,1,-,Not recorded,-,Not recorded,-,EPPO (2020),-,Spodoptera frugiperda
Bahamas,25.04082,-77.37122,1,-,Not recorded,-,Not recorded,-,EPPO (2020),-,Spodoptera frugiperda
Barbados,13.16453,-59.55165,1,-,Not recorded,-,Not recorded,-,EPPO (2020),-,Spodoptera frugiperda
Belize,17.25,-88.75,1,-,Not recorded,-,Not recorded,-,EPPO (2020),-,Spodoptera frugiperda
Bermuda,32.33022,-64.74003,1,-,Not recorded,-,Not recorded,-,EPPO (2020),-,Spodoptera frugiperda
British Virgin Islands,18.5,-64.5,1,-,Not recorded,-,Not recorded,-,EPPO (2020),-,Spodoptera frugiperda
Canada,60.10867,-113.64258,1,Localized,Not recorded,-,Not recorded,-,EPPO (2020),-,Spodoptera frugiperda
Manitoba,55.00019,-97.00049,1,-,Not recorded,-,Not recorded,-,EPPO (2020),-,Spodoptera frugiperda
New Brunswick,46.5001,-65.99878,1,-,Not recorded,-,Not recorded,-,EPPO (2020),-,Spodoptera frugiperda
Nova Scotia,45.00015,-62.99865,1,-,Not recorded,-,Not recorded,-,EPPO (2020),-,Spodoptera frugiperda
Ontario,49.25014,-84.49983,1,-,Not recorded,-,Not recorded,-,CABI (Undated a); EPPO (2020); Starratt and McLeod (1982),-,Spodoptera frugiperda
Prince Edward Island,46.39808,-63.29844,1,-,Not recorded,-,Not recorded,-,EPPO (2020),-,Spodoptera frugiperda
Quebec,52.00017,-71.99907,1,-,Not recorded,-,Not recorded,-,CABI (Undated a); EPPO (2020); Martel et al. (1980),-,Spodoptera frugiperda
Cayman Islands,19.5,-80.66667,1,-,Not recorded,-,Not recorded,-,EPPO (2020),-,Spodoptera frugiperda
Costa Rica,10,-84,1,-,Not recorded,-,Not recorded,-,EPPO (2020); CABI (Undated),-,Spodoptera frugiperda
Cuba,22,-79.5,1,-,Not recorded,-,Not recorded,-,EPPO (2020),-,Spodoptera frugiperda
Dominica,15.5,-61.33333,1,-,Not recorded,-,Not recorded,-,EPPO (2020),-,Spodoptera frugiperda
Dominican Republic,19,-70.66667,1,-,Not recorded,-,Not recorded,-,EPPO (2020),-,Spodoptera frugiperda
El Salvador,13.83333,-88.91667,1,-,Not recorded,-,Not recorded,-,EPPO (2020),-,Spodoptera frugiperda
Grenada,12.11667,-61.66667,1,-,Not recorded,-,Not recorded,-,EPPO (2020),-,Spodoptera frugiperda
Guadeloupe,16.25,-61.58333,1,-,Not recorded,-,Not recorded,-,EPPO (2020),-,Spodoptera frugiperda
Guatemala,15.5,-90.25,1,-,Not recorded,-,Not recorded,-,EPPO (2020),-,Spodoptera frugiperda
Haiti,19.07582,-72.29616,1,Few occurrences,Not recorded,-,Not recorded,-,EPPO (2020),-,Spodoptera frugiperda
Honduras,15,-86.5,1,-,Not recorded,-,Not recorded,-,EPPO (2020),-,Spodoptera frugiperda
Jamaica,18.16667,-77.25,1,-,Not recorded,-,Not recorded,-,EPPO (2020),-,Spodoptera frugiperda
Martinique,14.66667,-61,1,Widespread,Not recorded,-,Not recorded,-,EPPO (2020),-,Spodoptera frugiperda
Mexico,23,-102,1,Widespread,Not recorded,-,Not recorded,-,CABI (Undated a); EPPO (2020); Gurrola-PÈrez et al. (2018); Molina-Ochoa et al. (2001); Molina-Ochoa et al. (2003); Molina-Ochoa et al. (2004); Sifuentes A. (1978),-,Spodoptera frugiperda
Montserrat,16.75,-62.2,1,-,Not recorded,-,Not recorded,-,EPPO (2020),-,Spodoptera frugiperda
Nicaragua,13,-85,1,-,Not recorded,-,Not recorded,-,CABI (Undated a); EPPO (2020); Huis (1981),-,Spodoptera frugiperda
Panama,9,-80,1,-,Not recorded,-,Not recorded,-,EPPO (2020),-,Spodoptera frugiperda
Puerto Rico,18.24829,-66.49989,1,-,Not recorded,-,Not recorded,-,EPPO (2020),-,Spodoptera frugiperda
Saint Kitts and Nevis,17.33333,-62.75,1,-,Not recorded,-,Not recorded,-,EPPO (2020),-,Spodoptera frugiperda
Saint Lucia,13.88333,-60.96667,1,-,Not recorded,-,Not recorded,-,EPPO (2020),-,Spodoptera frugiperda
Saint Vincent and the Grenadines,13.08333,-61.2,1,-,Not recorded,-,Not recorded,-,EPPO (2020),-,Spodoptera frugiperda
Trinidad and Tobago,11,-61,1,-,Not recorded,-,Not recorded,-,EPPO (2020),-,Spodoptera frugiperda
U.S. Virgin Islands,18.34829,-64.98348,1,-,Not recorded,-,Not recorded,-,EPPO (2020),-,Spodoptera frugiperda
United States,39.76,-98.5,1,-,Not recorded,-,Not recorded,-,CABI (Undated a); EPPO (2020); Greathead and Greathead (1992),-,Spodoptera frugiperda
Alabama,32.75041,-86.75026,1,-,Not recorded,-,Not recorded,-,EPPO (2020),-,Spodoptera frugiperda
Arizona,34.5003,-111.50098,1,-,Not recorded,-,Not recorded,-,EPPO (2020),-,Spodoptera frugiperda
Arkansas,34.75037,-92.50044,1,-,Not recorded,-,Not recorded,-,EPPO (2020),-,Spodoptera frugiperda
California,37.25022,-119.75126,1,-,Not recorded,-,Not recorded,-,EPPO (2020),-,Spodoptera frugiperda
Colorado,39.00027,-105.50083,1,-,Not recorded,-,Not recorded,-,EPPO (2020),-,Spodoptera frugiperda
Connecticut,41.66704,-72.66648,1,-,Not recorded,-,Not recorded,-,EPPO (2020),-,Spodoptera frugiperda
Delaware,39.00039,-75.49992,1,-,Not recorded,-,Not recorded,-,EPPO (2020),-,Spodoptera frugiperda
Florida,28.75054,-82.5001,1,-,Not recorded,-,Not recorded,-,EPPO (2020),-,Spodoptera frugiperda
Georgia,32.75042,-83.50018,1,-,Not recorded,-,Not recorded,-,EPPO (2020),-,Spodoptera frugiperda
Illinois,40.00032,-89.25037,1,-,Not recorded,-,Not recorded,-,EPPO (2020),-,Spodoptera frugiperda
Indiana,40.00032,-86.25027,1,-,Not recorded,-,Not recorded,-,EPPO (2020),-,Spodoptera frugiperda
Iowa,42.00027,-93.50049,1,-,Not recorded,-,Not recorded,-,EPPO (2020),-,Spodoptera frugiperda
Kansas,38.50029,-98.50063,1,-,Not recorded,-,Not recorded,-,EPPO (2020),-,Spodoptera frugiperda
Kentucky,38.20042,-84.87762,1,-,Not recorded,-,Not recorded,-,EPPO (2020),-,Spodoptera frugiperda
Louisiana,31.00047,-92.0004,1,-,Not recorded,-,Not recorded,-,EPPO (2020),-,Spodoptera frugiperda
Maine,45.50032,-69.24977,1,-,Not recorded,-,Not recorded,-,EPPO (2020),-,Spodoptera frugiperda
Maryland,39.00039,-76.74997,1,-,Not recorded,-,Not recorded,-,EPPO (2020),-,Spodoptera frugiperda
Massachusetts,42.36565,-71.10832,1,-,Not recorded,-,Not recorded,-,EPPO (2020),-,Spodoptera frugiperda
Michigan,44.25029,-85.50033,1,-,Not recorded,-,Not recorded,-,EPPO (2020),-,Spodoptera frugiperda
Minnesota,46.25024,-94.25055,1,-,Not recorded,-,Not recorded,-,EPPO (2020),-,Spodoptera frugiperda
Mississippi,32.75041,-89.75036,1,-,Not recorded,-,Not recorded,-,EPPO (2020),-,Spodoptera frugiperda
Missouri,38.25031,-92.50046,1,-,Not recorded,-,Not recorded,-,EPPO (2020),-,Spodoptera frugiperda
Montana,47.00025,-109.75102,1,-,Not recorded,-,Not recorded,-,EPPO (2020),-,Spodoptera frugiperda
Nebraska,41.50028,-99.75067,1,-,Not recorded,-,Not recorded,-,EPPO (2020),-,Spodoptera frugiperda
New Hampshire,43.66702,-71.4998,1,-,Not recorded,-,Not recorded,-,EPPO (2020),-,Spodoptera frugiperda
New Jersey,40.16706,-74.49987,1,-,Not recorded,-,Not recorded,-,EPPO (2020),-,Spodoptera frugiperda
New Mexico,34.50034,-106.00085,1,-,Not recorded,-,Not recorded,-,EPPO (2020),-,Spodoptera frugiperda
New York,43.00035,-75.4999,1,-,Not recorded,-,Not recorded,-,EPPO (2020),-,Spodoptera frugiperda
North Carolina,35.50069,-80.00032,1,-,Not recorded,-,Not recorded,-,EPPO (2020),-,Spodoptera frugiperda
North Dakota,47.50027,-100.00068,1,-,Not recorded,-,Not recorded,-,EPPO (2020),-,Spodoptera frugiperda
Ohio,40.25034,-83.00018,1,-,Not recorded,-,Not recorded,-,EPPO (2020),-,Spodoptera frugiperda
Oklahoma,35.49209,-97.50328,1,-,Not recorded,-,Not recorded,-,EPPO (2020),-,Spodoptera frugiperda
Pennsylvania,40.27245,-76.90567,1,-,Not recorded,-,Not recorded,-,EPPO (2020),-,Spodoptera frugiperda
Rhode Island,41.75038,-71.49978,1,-,Not recorded,-,Not recorded,-,EPPO (2020),-,Spodoptera frugiperda
South Carolina,34.00043,-81.00009,1,-,Not recorded,-,Not recorded,-,EPPO (2020),-,Spodoptera frugiperda
South Dakota,44.50026,-100.25069,1,-,Not recorded,-,Not recorded,-,EPPO (2020),-,Spodoptera frugiperda
Tennessee,35.75035,-86.25027,1,-,Not recorded,-,Not recorded,-,EPPO (2020),-,Spodoptera frugiperda
Texas,31.25044,-99.25061,1,-,Not recorded,-,Not recorded,-,EPPO (2020),-,Spodoptera frugiperda
Virginia,37.54812,-77.44675,1,-,Not recorded,-,Not recorded,-,EPPO (2020),-,Spodoptera frugiperda
West Virginia,38.50038,-80.50009,1,-,Not recorded,-,Not recorded,-,EPPO (2020),-,Spodoptera frugiperda
Wisconsin,44.50024,-90.00041,1,-,Not recorded,-,Not recorded,-,EPPO (2020),-,Spodoptera frugiperda
Wyoming,43.00024,-107.5009,1,-,Not recorded,-,Not recorded,-,EPPO (2020),-,Spodoptera frugiperda
Australia,-25,135,1,Localized,Not recorded,-,Not recorded,-,IPPC (2020c); EPPO (2020),-,Spodoptera frugiperda
Northern Territory,-20,134,1,-,Not recorded,-,Not recorded,-,IPPC (2020c),"Katherine, Darwin and Douglas Daly regions.",Spodoptera frugiperda
Queensland,-20,145,1,Transient under eradication,Not recorded,-,Not recorded,-,IPPC (2020); EPPO (2020); IPPC (2020c); Queensland Government Department of Agriculture and Fisheries (2020),Preliminary report.,Spodoptera frugiperda
Western Australia,-25,122,1,-,Not recorded,-,Not recorded,-,IPPC (2020c),"Kununurra, Broome and Carnarvon region.",Spodoptera frugiperda
New Caledonia,-21.5,165.5,1,Localized,Not recorded,-,2020,-,IPPC (2021),-,Spodoptera frugiperda
Papua New Guinea,-6,147,1,Localized,Not recorded,-,Not recorded,-,EPPO (2020),"Jiwaka, Madang, Morobe, Western, Western highlands provinces",Spodoptera frugiperda
Timor-Leste,-8.83333,125.75,1,-,Not recorded,-,Not recorded,-,EPPO (2020),-,Spodoptera frugiperda
Argentina,-34,-64,1,-,Not recorded,-,Not recorded,-,EPPO (2020),-,Spodoptera frugiperda
Bolivia,-17,-65,1,-,Not recorded,-,Not recorded,-,EPPO (2020),-,Spodoptera frugiperda
Brazil,-10,-55,1,-,Not recorded,-,Not recorded,-,EPPO (2020); Farias et al. (2008); Souza et al. (2015),-,Spodoptera frugiperda
Amapa,1,-52,1,-,Not recorded,-,Not recorded,-,EPPO (2020),-,Spodoptera frugiperda
Amazonas,-3.75,-64.5,1,-,Not recorded,-,Not recorded,-,EPPO (2020),-,Spodoptera frugiperda
Bahia,-12,-42,1,-,Not recorded,-,Not recorded,-,Soares and Silva (2003); EPPO (2020),-,Spodoptera frugiperda
Ceara,-5,-39.5,1,-,Not recorded,-,Not recorded,-,EPPO (2020),-,Spodoptera frugiperda
Espirito Santo,-20,-40.75,1,-,Not recorded,-,Not recorded,-,Pratissoli et al. (2007); EPPO (2020),-,Spodoptera frugiperda
Goias,-15.58071,-49.63623,1,-,Not recorded,-,Not recorded,-,EPPO (2020); Souza et al. (2015),-,Spodoptera frugiperda
Maranhao,-5,-45,1,-,Not recorded,-,Not recorded,-,EPPO (2020),-,Spodoptera frugiperda
Mato Grosso,-13,-56,1,-,Not recorded,-,Not recorded,-,EPPO (2020),-,Spodoptera frugiperda
Mato Grosso do Sul,-20.5,-55,1,-,Not recorded,-,Not recorded,-,EPPO (2020),-,Spodoptera frugiperda
Minas Gerais,-18,-44,1,-,Not recorded,-,Not recorded,-,EPPO (2020); Souza et al. (2015),-,Spodoptera frugiperda
Para,-4,-53,1,-,Not recorded,-,Not recorded,-,EPPO (2020),-,Spodoptera frugiperda
Paraiba,-7.25,-36.5,1,-,Not recorded,-,Not recorded,-,EPPO (2020),-,Spodoptera frugiperda
Parana,-24.5,-51.33333,1,-,Not recorded,-,Not recorded,-,EPPO (2020); Souza et al. (2015),-,Spodoptera frugiperda
Pernambuco,-8.33333,-37.75,1,-,Not recorded,-,Not recorded,-,EPPO (2020),-,Spodoptera frugiperda
Piaui,-7.25,-42.33333,1,-,Not recorded,-,Not recorded,-,Souza et al. (2015),-,Spodoptera frugiperda
Rio de Janeiro,-22.25,-42.5,1,-,Not recorded,-,Not recorded,-,EPPO (2020),-,Spodoptera frugiperda
Rio Grande do Norte,-5.75,-36.5,1,-,Not recorded,-,Not recorded,-,Silva et al. (2000),-,Spodoptera frugiperda
Rio Grande do Sul,-30,-53.5,1,-,Not recorded,-,Not recorded,-,EPPO (2020); Souza et al. (2015),-,Spodoptera frugiperda
Roraima,2.25,-61.25,1,-,Not recorded,-,Not recorded,-,EPPO (2020),-,Spodoptera frugiperda
Santa Catarina,-27,-50,1,-,Not recorded,-,Not recorded,-,EPPO (2020),-,Spodoptera frugiperda
Sao Paulo,-22,-49,1,-,Not recorded,-,Not recorded,-,EPPO (2020),-,Spodoptera frugiperda
Tocantins,-10.5,-48,1,-,Not recorded,-,Not recorded,-,Didonet et al. (2001),-,Spodoptera frugiperda
Chile,-30,-71,1,Localized,Not recorded,-,Not recorded,-,EPPO (2020),-,Spodoptera frugiperda
Colombia,4,-73.25,1,-,Not recorded,-,Not recorded,-,EPPO (2020),-,Spodoptera frugiperda
Ecuador,-1.25,-78.25,1,Widespread,Not recorded,-,Not recorded,-,EPPO (2020),-,Spodoptera frugiperda
French Guiana,4,-53,1,-,Not recorded,-,Not recorded,-,EPPO (2020),-,Spodoptera frugiperda
Guyana,5,-59,1,-,Not recorded,-,Not recorded,-,CABI (Undated a); EPPO (2020); Rambajan (1981),-,Spodoptera frugiperda
Paraguay,-23.33333,-58,1,-,Not recorded,-,Not recorded,-,EPPO (2020),-,Spodoptera frugiperda
Peru,-10,-75.25,1,-,Not recorded,-,Not recorded,-,EPPO (2020),-,Spodoptera frugiperda
Suriname,4,-56,1,-,Not recorded,-,Not recorded,-,EPPO (2020),-,Spodoptera frugiperda
Uruguay,-33,-56,1,Widespread,Not recorded,-,Not recorded,-,EPPO (2020),-,Spodoptera frugiperda
Venezuela,8,-66,1,-,Not recorded,-,Not recorded,-,CABI (Undated a); EPPO (2020); Solano et al. (2015),Western,Spodoptera frugiperda
Algeria,28,3,1,-,1985,Introduced,Not recorded,Naturalized,CABI (Undated b); Euro+Med (2012); GBIF (2012),Naturalized alien,Verbesina encelioides
Benin,9.5,2.25,1,-,1998,Introduced,Not recorded,-,GBIF (2012),-,Verbesina encelioides
Botswana,-22,24,1,-,2000,Introduced,Not recorded,-,CABI (Undated b); EPPO (2020); Feenstra and Clements (2008); GBIF (2012),-,Verbesina encelioides
Egypt,27,30,1,-,Not recorded,Introduced,Not recorded,Naturalized,Euro+Med (2012),Naturalized alien,Verbesina encelioides
Ethiopia,9,39.5,1,-,Not recorded,Introduced,Not recorded,Invasive,Witt and Luke (2017); Feenstra and Clements (2008),-,Verbesina encelioides
Mauritius,-20.3,57.58333,1,Localized,Not recorded,-,Not recorded,-,EPPO (2020),-,Verbesina encelioides
Morocco,32,-6,1,-,Not recorded,Introduced,Not recorded,Naturalized,CABI (Undated b); EPPO (2020); Euro+Med (2012); Feenstra and Clements (2008); GBIF (2012),Naturalized alien,Verbesina encelioides
Namibia,-22,17,1,-,2002,Introduced,Not recorded,-,CABI (Undated b); EPPO (2020); Feenstra and Clements (2008); GBIF (2012),-,Verbesina encelioides
RÈunion,-21.1,55.6,1,Localized,Not recorded,-,Not recorded,-,EPPO (2020),-,Verbesina encelioides
Senegal,14.5,-14.25,1,-,Not recorded,Introduced,Not recorded,-,GBIF (2012),-,Verbesina encelioides
Somalia,6,48,1,-,Not recorded,Introduced,Not recorded,-,GBIF (2012),-,Verbesina encelioides
South Africa,-29,24,1,Widespread,Not recorded,Introduced,Not recorded,-,CABI (Undated b); EPPO (2020); GBIF (2012); Holm et al. (1979),-,Verbesina encelioides
Sudan,16,30,1,-,1868,Introduced,Not recorded,-,GBIF (2012),-,Verbesina encelioides
Zimbabwe,-19,29.75,1,-,Not recorded,Introduced,Not recorded,-,GBIF (2012),-,Verbesina encelioides
India,22,79,1,Widespread,Not recorded,Introduced,Not recorded,-,Holm et al. (1979); EPPO (2020),-,Verbesina encelioides
Delhi,28.6667,77.1,1,Widespread,Not recorded,Introduced,Not recorded,-,Inderjit et al. (1999),-,Verbesina encelioides
Haryana,29.25,76.33333,1,Widespread,Not recorded,Introduced,Not recorded,-,Kaul and Mangal (1987),-,Verbesina encelioides
Punjab,30.91667,75.41667,1,Widespread,Not recorded,Introduced,Not recorded,-,CABI (Undated b); Coleman (1966); Kaul and Mangal (1987),-,Verbesina encelioides
Israel,31.5,34.75,1,Widespread,Not recorded,Introduced,1971,-,CABI (Undated b); Dafni and Heller (1982); EPPO (2020); Euro+Med (2012),Casual alien,Verbesina encelioides
Jordan,31,36,1,-,1984,Introduced,Not recorded,-,CABI (Undated b); Euro+Med (2012); GBIF (2012),Casual alien,Verbesina encelioides
Saudi Arabia,25,45,1,-,1976,Introduced,Not recorded,-,CABI (Undated b); EPPO (2020); GBIF (2012); Zayed and El-Karemy (1989),-,Verbesina encelioides
United Arab Emirates,23.75,54.5,1,Few occurrences,Not recorded,-,Not recorded,-,EPPO (2020),-,Verbesina encelioides
Yemen,15.5,47.5,1,-,1997,Introduced,Not recorded,-,GBIF (2012),-,Verbesina encelioides
Austria,47.33333,13.33333,1,Few occurrences,Not recorded,-,Not recorded,-,EPPO (2020),-,Verbesina encelioides
Belgium,50.75,4.5,1,-,Not recorded,Introduced,Not recorded,-,Euro+Med (2012),Casual alien,Verbesina encelioides
Czechia,49.75,15,1,-,Not recorded,Introduced,Not recorded,-,Euro+Med (2012),Cultivated,Verbesina encelioides
Denmark,56,10,1,-,Not recorded,Introduced,Not recorded,-,CABI (Undated b); EPPO (2020); Euro+Med (2012); Tutin et al. (1976),-,Verbesina encelioides
France,46,2,1,-,Not recorded,Introduced,Not recorded,-,Euro+Med (2012),Casual alien,Verbesina encelioides
Germany,51.5,10.5,1,-,Not recorded,Introduced,Not recorded,-,CABI (Undated b); EPPO (2020); Euro+Med (2012); Tutin et al. (1976),Casual alien,Verbesina encelioides
Norway,62,10,1,-,Not recorded,Introduced,Not recorded,-,Euro+Med (2012),Casual alien,Verbesina encelioides
Poland,52,20,1,-,Not recorded,Introduced,Not recorded,-,Euro+Med (2012),Casual alien,Verbesina encelioides
Spain,40,-4,1,Widespread,Not recorded,Introduced,Not recorded,Naturalized,CABI (Undated b); EPPO (2020); Euro+Med (2012); GBIF (2012),Naturalized alien,Verbesina encelioides
Canary Islands,28,-15.5,1,-,Not recorded,Introduced,Not recorded,-,Euro+Med (2012),Casual alien,Verbesina encelioides
Ukraine,49,32,1,-,Not recorded,Introduced,Not recorded,-,Euro+Med (2012),-,Verbesina encelioides
United Kingdom,54.75844,-2.69531,1,-,Not recorded,Introduced,Not recorded,-,Euro+Med (2012); EPPO (2020),Casual alien,Verbesina encelioides
Bahamas,25.04082,-77.37122,1,-,Not recorded,Introduced,Not recorded,-,Feenstra and Clements (2008),-,Verbesina encelioides
Cuba,22,-79.5,1,-,Not recorded,Introduced,Not recorded,-,Feenstra and Clements (2008),-,Verbesina encelioides
Dominican Republic,19,-70.66667,1,-,Not recorded,Introduced,Not recorded,-,Feenstra and Clements (2008),-,Verbesina encelioides
Mexico,23,-102,1,Widespread,Not recorded,Native,Not recorded,-,GBIF (2012); EPPO (2020),-,Verbesina encelioides
Puerto Rico,18.24829,-66.49989,1,-,Not recorded,Native,Not recorded,-,Feenstra and Clements (2008); EPPO (2020),-,Verbesina encelioides
United States,39.76,-98.5,1,Widespread,Not recorded,Native,Not recorded,-,CABI (Undated b); EPPO (2020); GBIF (2012); USDA-NRCS (2012),-,Verbesina encelioides
Alabama,32.75041,-86.75026,1,-,Not recorded,Native,Not recorded,-,USDA-NRCS (2012); EPPO (2020),-,Verbesina encelioides
Arizona,34.5003,-111.50098,1,-,Not recorded,Native,Not recorded,-,USDA-NRCS (2012); EPPO (2020),-,Verbesina encelioides
Arkansas,34.75037,-92.50044,1,-,Not recorded,Native,Not recorded,-,USDA-NRCS (2012); EPPO (2020),-,Verbesina encelioides
California,37.25022,-119.75126,1,-,Not recorded,Native,Not recorded,-,CABI (Undated b); EPPO (2020); USDA-NRCS (2012),-,Verbesina encelioides
Colorado,39.00027,-105.50083,1,-,Not recorded,Native,Not recorded,-,USDA-NRCS (2012); EPPO (2020),-,Verbesina encelioides
Florida,28.75054,-82.5001,1,-,Not recorded,Native,Not recorded,-,USDA-NRCS (2012); EPPO (2020),-,Verbesina encelioides
Georgia,32.75042,-83.50018,1,-,Not recorded,Native,Not recorded,-,USDA-NRCS (2012); EPPO (2020),-,Verbesina encelioides
Hawaii,20.78785,-156.38612,1,Widespread,Not recorded,Introduced,Not recorded,Invasive,CABI (Undated b); Carr (2012); EPPO (2020); USDA-NRCS (2012),First reported: early 1800s,Verbesina encelioides
Illinois,40.00032,-89.25037,1,-,Not recorded,Native,Not recorded,-,USDA-NRCS (2012); EPPO (2020),-,Verbesina encelioides
Iowa,42.00027,-93.50049,1,-,Not recorded,Introduced,Not recorded,-,USDA-NRCS (2012); EPPO (2020),-,Verbesina encelioides
Kansas,38.50029,-98.50063,1,-,Not recorded,Native,Not recorded,-,USDA-NRCS (2012); EPPO (2020),-,Verbesina encelioides
Louisiana,31.00047,-92.0004,1,-,Not recorded,Native,Not recorded,-,USDA-NRCS (2012); EPPO (2020),-,Verbesina encelioides
Maryland,39.00039,-76.74997,1,-,Not recorded,Native,Not recorded,-,USDA-NRCS (2012); EPPO (2020),-,Verbesina encelioides
Massachusetts,42.36565,-71.10832,1,-,Not recorded,Native,Not recorded,-,USDA-NRCS (2012); EPPO (2020),-,Verbesina encelioides
Michigan,44.25029,-85.50033,1,-,Not recorded,Native,Not recorded,-,USDA-NRCS (2012); EPPO (2020),-,Verbesina encelioides
Missouri,38.25031,-92.50046,1,-,Not recorded,Native,Not recorded,-,USDA-NRCS (2012); EPPO (2020),-,Verbesina encelioides
Montana,47.00025,-109.75102,1,-,Not recorded,Native,Not recorded,-,USDA-NRCS (2012); EPPO (2020),-,Verbesina encelioides
Nebraska,41.50028,-99.75067,1,-,Not recorded,Native,Not recorded,-,USDA-NRCS (2012); EPPO (2020),-,Verbesina encelioides
Nevada,39.25021,-116.75119,1,-,Not recorded,Native,Not recorded,-,USDA-NRCS (2012); EPPO (2020),-,Verbesina encelioides
New Mexico,34.50034,-106.00085,1,-,Not recorded,Native,Not recorded,-,USDA-NRCS (2012); EPPO (2020),-,Verbesina encelioides
New York,43.00035,-75.4999,1,-,Not recorded,Native,Not recorded,-,USDA-NRCS (2012); EPPO (2020),-,Verbesina encelioides
North Carolina,35.50069,-80.00032,1,-,Not recorded,Native,Not recorded,-,USDA-NRCS (2012); EPPO (2020),-,Verbesina encelioides
North Dakota,47.50027,-100.00068,1,-,Not recorded,Native,Not recorded,-,USDA-NRCS (2012); EPPO (2020),-,Verbesina encelioides
Oklahoma,35.49209,-97.50328,1,-,Not recorded,Native,Not recorded,-,USDA-NRCS (2012); EPPO (2020),-,Verbesina encelioides
Pennsylvania,40.27245,-76.90567,1,-,Not recorded,Native,Not recorded,-,USDA-NRCS (2012); EPPO (2020),-,Verbesina encelioides
Rhode Island,41.75038,-71.49978,1,-,Not recorded,Native,Not recorded,-,USDA-NRCS (2012); EPPO (2020),-,Verbesina encelioides
South Carolina,34.00043,-81.00009,1,-,Not recorded,Native,Not recorded,-,USDA-NRCS (2012); EPPO (2020),-,Verbesina encelioides
South Dakota,44.50026,-100.25069,1,-,Not recorded,Native,Not recorded,-,USDA-NRCS (2012); EPPO (2020),-,Verbesina encelioides
Tennessee,35.75035,-86.25027,1,-,Not recorded,Native,Not recorded,-,USDA-NRCS (2012); EPPO (2020),-,Verbesina encelioides
Texas,31.25044,-99.25061,1,-,Not recorded,Native,Not recorded,-,USDA-NRCS (2012); EPPO (2020),-,Verbesina encelioides
Utah,39.25024,-111.75103,1,-,Not recorded,Native,Not recorded,-,USDA-NRCS (2012); EPPO (2020),-,Verbesina encelioides
Wyoming,43.00024,-107.5009,1,-,Not recorded,Native,Not recorded,-,USDA-NRCS (2012); EPPO (2020),-,Verbesina encelioides
Australia,-25,135,1,-,Not recorded,-,Not recorded,-,EPPO (2020); GBIF (2012),-,Verbesina encelioides
New South Wales,-33,146,1,Widespread,Not recorded,Introduced,1888,-,CABI (Undated b); CABI (Undated); EPPO (2020); Oelrichs and Vallely (1981); Walther (2004),-,Verbesina encelioides
Northern Territory,-20,134,1,-,Not recorded,Introduced,Not recorded,-,CABI (Undated); EPPO (2020),Original citation: Council of Heads of Australasian Herbaria (CHAH) (2012),Verbesina encelioides
Queensland,-20,145,1,Widespread,Not recorded,Introduced,Not recorded,-,CABI (Undated b); EPPO (2020); Everist (1957); Keeler et al. (1986); Oelrichs and Vallely (1981); Osten et al. (2007); Walther (2004),-,Verbesina encelioides
South Australia,-30,135,1,-,Not recorded,Introduced,Not recorded,-,CABI (Undated); EPPO (2020),Original citation: Council of Heads of Australasian Herbaria (CHAH) (2012),Verbesina encelioides
Victoria,-37,145,1,Widespread,Not recorded,Introduced,Not recorded,-,CABI (Undated b); EPPO (2020); Oelrichs and Vallely (1981); Walther (2004),-,Verbesina encelioides
Western Australia,-25,122,1,-,Not recorded,Introduced,Not recorded,-,CABI (Undated); EPPO (2020),Original citation: Council of Heads of Australasian Herbaria (CHAH) (2012),Verbesina encelioides
Midway Islands,28.20935,-177.37813,1,-,Not recorded,Introduced,Not recorded,Invasive,PIER (2013),"Midway Atoll, Eastern Island, Sand Island, Spit Island",Verbesina encelioides
Argentina,-34,-64,1,Widespread,Not recorded,-,Not recorded,Invasive,CABI (Undated b); EPPO (2020); GBIF (2012); Holm et al. (1979); Lopez et al. (1996),-,Verbesina encelioides
Bolivia,-17,-65,1,-,Not recorded,Introduced,Not recorded,-,GBIF (2012),-,Verbesina encelioides
Brazil,-10,-55,1,-,Not recorded,-,Not recorded,-,CABI (Undated a),Present based on regional distribution.,Verbesina encelioides
Rio de Janeiro,-22.25,-42.5,1,-,Not recorded,Introduced,Not recorded,-,CABI (Undated b); Coleman (1966); GBIF (2012),-,Verbesina encelioides
Chile,-30,-71,1,-,Not recorded,Introduced,Not recorded,-,GBIF (2012),-,Verbesina encelioides
Easter Island,-27.11667,-109.36667,1,-,Not recorded,Introduced,Not recorded,-,Shluker (1999),-,Verbesina encelioides
Colombia,4,-73.25,1,-,Not recorded,Introduced,Not recorded,-,GBIF (2012),-,Verbesina encelioides
Ecuador,-1.25,-78.25,1,-,Not recorded,Introduced,Not recorded,-,GBIF (2012),-,Verbesina encelioides
Paraguay,-23.33333,-58,1,-,Not recorded,Introduced,Not recorded,-,GBIF (2012),-,Verbesina encelioides
Uruguay,-33,-56,1,-,Not recorded,Introduced,Not recorded,-,GBIF (2012),-,Verbesina encelioides
Algeria,28,3,1,-,Not recorded,Introduced,Not recorded,Invasive,USDA-ARS (2013),-,Xanthium spinosum
Botswana,-22,24,1,-,Not recorded,Introduced,Not recorded,-,USDA-ARS (2013),-,Xanthium spinosum
Egypt,27,30,1,-,Not recorded,Introduced,Not recorded,Invasive,CABI (Undated); Beshr et al. (2016); El-Metwally and Ahmed (2001); USDA-ARS (2013),-,Xanthium spinosum
Eritrea,15,39,1,-,Not recorded,Introduced,Not recorded,-,USDA-ARS (2013),-,Xanthium spinosum
Ethiopia,9,39.5,1,-,Not recorded,Introduced,Not recorded,Invasive,Witt and Luke (2017); USDA-ARS (2013),-,Xanthium spinosum
Lesotho,-29.5,28.25,1,-,Not recorded,Introduced,Not recorded,-,GBIF (2013),-,Xanthium spinosum
Libya,28,17,1,-,Not recorded,Introduced,Not recorded,-,USDA-ARS (2013),-,Xanthium spinosum
Mauritius,-20.3,57.58333,1,-,Not recorded,Introduced,Not recorded,-,USDA-ARS (2013),-,Xanthium spinosum
Morocco,32,-6,1,-,Not recorded,Introduced,Not recorded,-,GBIF (2013),-,Xanthium spinosum
Namibia,-22,17,1,-,Not recorded,Introduced,Not recorded,Invasive,Bethune et al. (2004),Central and eastern regions,Xanthium spinosum
RÈunion,-21.1,55.6,1,-,Not recorded,Introduced,Not recorded,-,USDA-ARS (2013),-,Xanthium spinosum
South Africa,-29,24,1,-,Not recorded,Introduced,Not recorded,-,USDA-ARS (2013); Missouri Botanical Garden (2013),-,Xanthium spinosum
Zimbabwe,-19,29.75,1,-,Not recorded,Native,Not recorded,-,USDA-ARS (2013),-,Xanthium spinosum
Afghanistan,33,66,1,-,Not recorded,Introduced,Not recorded,-,USDA-ARS (2013),-,Xanthium spinosum
Armenia,40.25,45,1,-,Not recorded,Introduced,Not recorded,-,USDA-ARS (2013),-,Xanthium spinosum
Azerbaijan,40.5,47.5,1,-,Not recorded,Introduced,Not recorded,-,USDA-ARS (2013),-,Xanthium spinosum
China,35,105,1,-,Not recorded,Introduced,Not recorded,-,USDA-ARS (2013); Missouri Botanical Garden (2013),-,Xanthium spinosum
Beijing,39.91691,116.39706,1,-,Not recorded,Introduced,Not recorded,-,USDA-ARS (2013); Missouri Botanical Garden (2013),-,Xanthium spinosum
Henan,34,113.66667,1,-,Not recorded,Introduced,Not recorded,-,USDA-ARS (2013); Missouri Botanical Garden (2013),-,Xanthium spinosum
Xinjiang,41.5,85.5,1,-,Not recorded,-,Not recorded,Invasive,CABI (Undated); Du ZhenZhu et al. (2012); Song ZhenZhen et al. (2012),-,Xanthium spinosum
Georgia,41.99998,43.4999,1,-,Not recorded,Introduced,Not recorded,-,USDA-ARS (2013),-,Xanthium spinosum
India,22,79,1,-,Not recorded,Introduced,Not recorded,-,Baburaj et al. (1994),-,Xanthium spinosum
Tamil Nadu,11,78.33333,1,-,Not recorded,Introduced,1994,-,Baburaj et al. (1994),"First record, in the Nilgiri mountains",Xanthium spinosum
Iran,32,53,1,-,Not recorded,Introduced,Not recorded,Invasive,CABI (Undated); Hassannejad and Ghafarbi (2013); Hassannejad et al. (2014); Mirshekari and Siyami (2013); USDA-ARS (2013),Reported weed in Tabriz,Xanthium spinosum
Israel,31.5,34.75,1,-,Not recorded,Introduced,Not recorded,-,USDA-ARS (2013),-,Xanthium spinosum
Japan,35.68536,139.75309,1,-,Not recorded,Introduced,Not recorded,-,PIER (2013),-,Xanthium spinosum
Jordan,31,36,1,-,Not recorded,Introduced,Not recorded,-,USDA-ARS (2013),-,Xanthium spinosum
Kazakhstan,48,68,1,-,Not recorded,Introduced,Not recorded,-,USDA-ARS (2013),-,Xanthium spinosum
Kyrgyzstan,41.5,75,1,-,Not recorded,Introduced,Not recorded,-,USDA-ARS (2013),-,Xanthium spinosum
Lebanon,33.83333,35.83333,1,-,Not recorded,Introduced,Not recorded,-,USDA-ARS (2013),-,Xanthium spinosum
Nepal,28,84,1,-,Not recorded,Introduced,Not recorded,-,GBIF (2013),-,Xanthium spinosum
Saudi Arabia,25,45,1,-,Not recorded,Introduced,Not recorded,-,GBIF (2013),-,Xanthium spinosum
Syria,35,38,1,-,Not recorded,Introduced,Not recorded,-,USDA-ARS (2013),-,Xanthium spinosum
Tajikistan,39,71,1,-,Not recorded,Introduced,Not recorded,-,USDA-ARS (2013),-,Xanthium spinosum
Turkey,39,35,1,-,Not recorded,Introduced,Not recorded,-,CABI (Undated); B¸k¸n (2005); Royal Botanic Garden Edinburgh (2013); USDA-ARS (2013),-,Xanthium spinosum
Turkmenistan,39.75,59.66667,1,-,Not recorded,Introduced,Not recorded,-,USDA-ARS (2013),-,Xanthium spinosum
Uzbekistan,41.66667,63.83333,1,-,Not recorded,Introduced,Not recorded,-,USDA-ARS (2013),-,Xanthium spinosum
Yemen,15.5,47.5,1,-,Not recorded,Introduced,Not recorded,-,USDA-ARS (2013),-,Xanthium spinosum
Albania,41,20,1,-,Not recorded,Introduced,Not recorded,-,CABI (Undated); Royal Botanic Garden Edinburgh (2013); USDA-ARS (2013),-,Xanthium spinosum
Austria,47.33333,13.33333,1,-,Not recorded,Introduced,Not recorded,-,CABI (Undated); Royal Botanic Garden Edinburgh (2013); USDA-ARS (2013),-,Xanthium spinosum
Belgium,50.75,4.5,1,-,Not recorded,Introduced,Not recorded,-,GBIF (2013),-,Xanthium spinosum
Bulgaria,42.66667,25.25,1,-,Not recorded,Introduced,Not recorded,-,CABI (Undated); Royal Botanic Garden Edinburgh (2013); USDA-ARS (2013),-,Xanthium spinosum
Croatia,45.16667,15.5,1,-,Not recorded,Introduced,Not recorded,-,GBIF (2013); Vukovic et al. (2014),-,Xanthium spinosum
Czechia,49.75,15,1,-,Not recorded,Introduced,Not recorded,-,GBIF (2013),-,Xanthium spinosum
Czechoslovakia,50.08292,14.46672,1,-,Not recorded,Introduced,Not recorded,-,Royal Botanic Garden Edinburgh (2013),-,Xanthium spinosum
Denmark,56,10,1,-,Not recorded,Introduced,Not recorded,-,GBIF (2013),-,Xanthium spinosum
Federal Republic of Yugoslavia,44,19.75,1,-,Not recorded,Introduced,Not recorded,-,Royal Botanic Garden Edinburgh (2013),-,Xanthium spinosum
Finland,64,26,1,-,Not recorded,Introduced,Not recorded,-,GBIF (2013),-,Xanthium spinosum
France,46,2,1,-,Not recorded,Introduced,Not recorded,-,CABI (Undated); GBIF (2013); Royal Botanic Garden Edinburgh (2013); USDA-ARS (2013),-,Xanthium spinosum
Germany,51.5,10.5,1,-,Not recorded,Introduced,Not recorded,-,CABI (Undated); Royal Botanic Garden Edinburgh (2013); USDA-ARS (2013),-,Xanthium spinosum
Greece,39,22,1,-,Not recorded,Introduced,Not recorded,-,CABI (Undated); Chatzivassiliou et al. (2001); Royal Botanic Garden Edinburgh (2013); USDA-ARS (2013),-,Xanthium spinosum
Hungary,47,20,1,-,Not recorded,Introduced,Not recorded,-,CABI (Undated); GBIF (2013); Royal Botanic Garden Edinburgh (2013); USDA-ARS (2013),-,Xanthium spinosum
Italy,42.83333,12.83333,1,-,Not recorded,Introduced,Not recorded,-,CABI (Undated); GBIF (2013); Royal Botanic Garden Edinburgh (2013); USDA-ARS (2013),-,Xanthium spinosum
Luxembourg,49.75,6.16667,1,-,Not recorded,Introduced,Not recorded,-,GBIF (2013),-,Xanthium spinosum
Moldova,47.25,28.58333,1,-,Not recorded,Introduced,Not recorded,-,CABI (Undated); Royal Botanic Garden Edinburgh (2013); USDA-ARS (2013),-,Xanthium spinosum
Netherlands,52.25,5.75,1,-,Not recorded,Introduced,Not recorded,-,GBIF (2013),-,Xanthium spinosum
North Macedonia,41.66667,21.75,1,-,Not recorded,Introduced,Not recorded,-,GBIF (2013),-,Xanthium spinosum
Norway,62,10,1,-,Not recorded,Introduced,Not recorded,-,GBIF (2013),-,Xanthium spinosum
Poland,52,20,1,-,Not recorded,Introduced,Not recorded,-,CABI (Undated); Royal Botanic Garden Edinburgh (2013); USDA-ARS (2013); USDA-NRCS (2013),-,Xanthium spinosum
Portugal,39.6945,-8.13057,1,-,Not recorded,Introduced,Not recorded,-,CABI (Undated); Royal Botanic Garden Edinburgh (2013); USDA-ARS (2013),-,Xanthium spinosum
Azores,37.80847,-25.47466,1,-,Not recorded,Introduced,Not recorded,-,CABI (Undated); Royal Botanic Garden Edinburgh (2013); USDA-ARS (2013),-,Xanthium spinosum
Romania,46,25,1,-,Not recorded,Introduced,Not recorded,-,CABI (Undated); Royal Botanic Garden Edinburgh (2013); USDA-ARS (2013),-,Xanthium spinosum
Russia,60,100,1,-,Not recorded,Introduced,Not recorded,-,CABI (Undated); Royal Botanic Garden Edinburgh (2013); USDA-ARS (2013),-,Xanthium spinosum
Central Russia,56.85,43.44,1,-,Not recorded,Introduced,Not recorded,-,USDA-ARS (2013),European part,Xanthium spinosum
Eastern Siberia,64.44,117.93,1,-,Not recorded,-,Not recorded,-,USDA-ARS (2013),Tyumen,Xanthium spinosum
Northern Russia,66.25,47.78,1,-,Not recorded,Introduced,Not recorded,-,USDA-ARS (2013),European part,Xanthium spinosum
Russian Far East,53.1,134.88,1,-,Not recorded,Introduced,Not recorded,-,USDA-ARS (2013),Primoye,Xanthium spinosum
Southern Russia,48.76,45.34,1,-,Not recorded,Introduced,Not recorded,-,USDA-ARS (2013),European part,Xanthium spinosum
Western Siberia,60.66,74.35,1,-,Not recorded,-,Not recorded,-,USDA-ARS (2013),Altay,Xanthium spinosum
Slovakia,48.66667,19.5,1,-,Not recorded,Introduced,Not recorded,-,GBIF (2013),-,Xanthium spinosum
Spain,40,-4,1,-,Not recorded,Introduced,Not recorded,-,CABI (Undated); GBIF (2013); Jord· et al. (2000); Royal Botanic Garden Edinburgh (2013); USDA-ARS (2013),-,Xanthium spinosum
Balearic Islands,39.58876,2.90314,1,-,Not recorded,Introduced,Not recorded,-,Royal Botanic Garden Edinburgh (2013),-,Xanthium spinosum
Canary Islands,28,-15.5,1,-,Not recorded,Introduced,Not recorded,-,USDA-ARS (2013),-,Xanthium spinosum
Sweden,62,15,1,-,Not recorded,Introduced,Not recorded,-,GBIF (2013),-,Xanthium spinosum
Switzerland,47.00016,8.01427,1,-,Not recorded,Introduced,Not recorded,-,CABI (Undated); GBIF (2013); Royal Botanic Garden Edinburgh (2013),-,Xanthium spinosum
Ukraine,49,32,1,-,Not recorded,Introduced,Not recorded,-,CABI (Undated); Royal Botanic Garden Edinburgh (2013); USDA-ARS (2013),-,Xanthium spinosum
United Kingdom,54.75844,-2.69531,1,-,Not recorded,Introduced,Not recorded,-,GBIF (2013),-,Xanthium spinosum
Canada,60.10867,-113.64258,1,-,Not recorded,Introduced,Not recorded,Invasive,CABI (Undated); Missouri Botanical Garden (2013); USDA-ARS (2013); USDA-NRCS (2013),-,Xanthium spinosum
New Brunswick,46.5001,-65.99878,1,-,Not recorded,Introduced,Not recorded,-,USDA-NRCS (2013),-,Xanthium spinosum
Ontario,49.25014,-84.49983,1,-,Not recorded,Introduced,Not recorded,-,USDA-NRCS (2013); Missouri Botanical Garden (2013),-,Xanthium spinosum
Quebec,52.00017,-71.99907,1,-,Not recorded,Introduced,Not recorded,-,USDA-NRCS (2013),-,Xanthium spinosum
Saskatchewan,54.0001,-106.00099,1,-,Not recorded,Introduced,Not recorded,-,USDA-NRCS (2013),-,Xanthium spinosum
Mexico,23,-102,1,-,Not recorded,Introduced,Not recorded,-,USDA-ARS (2013),-,Xanthium spinosum
United States,39.76,-98.5,1,Widespread,Not recorded,Introduced,Not recorded,Invasive,CABI (Undated); USDA-ARS (2013); USDA-NRCS (2013),-,Xanthium spinosum
Alabama,32.75041,-86.75026,1,-,Not recorded,Introduced,Not recorded,Invasive,USDA-NRCS (2013),-,Xanthium spinosum
Arizona,34.5003,-111.50098,1,-,Not recorded,Introduced,Not recorded,Invasive,USDA-NRCS (2013),-,Xanthium spinosum
California,37.25022,-119.75126,1,-,Not recorded,Introduced,Not recorded,Invasive,USDA-NRCS (2013); Missouri Botanical Garden (2013),-,Xanthium spinosum
Colorado,39.00027,-105.50083,1,-,Not recorded,Introduced,Not recorded,Invasive,USDA-NRCS (2013),-,Xanthium spinosum
Connecticut,41.66704,-72.66648,1,-,Not recorded,Introduced,Not recorded,Invasive,USDA-NRCS (2013),-,Xanthium spinosum
Delaware,39.00039,-75.49992,1,-,Not recorded,Introduced,Not recorded,Invasive,USDA-NRCS (2013),-,Xanthium spinosum
District of Columbia,38.91706,-77.00025,1,-,Not recorded,Introduced,Not recorded,Invasive,USDA-NRCS (2013),-,Xanthium spinosum
Florida,28.75054,-82.5001,1,-,Not recorded,Introduced,Not recorded,Invasive,USDA-NRCS (2013),-,Xanthium spinosum
Georgia,32.75042,-83.50018,1,-,Not recorded,Introduced,Not recorded,Invasive,USDA-NRCS (2013),-,Xanthium spinosum
Idaho,44.5002,-114.25118,1,-,Not recorded,Introduced,Not recorded,Invasive,USDA-NRCS (2013),-,Xanthium spinosum
Illinois,40.00032,-89.25037,1,-,Not recorded,Introduced,Not recorded,Invasive,USDA-NRCS (2013),-,Xanthium spinosum
Indiana,40.00032,-86.25027,1,-,Not recorded,Introduced,Not recorded,Invasive,USDA-NRCS (2013),-,Xanthium spinosum
Iowa,42.00027,-93.50049,1,-,Not recorded,Introduced,Not recorded,Invasive,USDA-NRCS (2013),-,Xanthium spinosum
Kansas,38.50029,-98.50063,1,-,Not recorded,Introduced,Not recorded,Invasive,USDA-NRCS (2013); Missouri Botanical Garden (2013),-,Xanthium spinosum
Kentucky,38.20042,-84.87762,1,-,Not recorded,Introduced,Not recorded,Invasive,USDA-NRCS (2013),-,Xanthium spinosum
Maine,45.50032,-69.24977,1,-,Not recorded,Introduced,Not recorded,Invasive,USDA-NRCS (2013),-,Xanthium spinosum
Maryland,39.00039,-76.74997,1,-,Not recorded,Introduced,Not recorded,Invasive,USDA-NRCS (2013),-,Xanthium spinosum
Massachusetts,42.36565,-71.10832,1,-,Not recorded,Introduced,Not recorded,Invasive,USDA-NRCS (2013),-,Xanthium spinosum
Michigan,44.25029,-85.50033,1,-,Not recorded,Introduced,Not recorded,Invasive,USDA-NRCS (2013),-,Xanthium spinosum
Mississippi,32.75041,-89.75036,1,-,Not recorded,Introduced,Not recorded,Invasive,USDA-NRCS (2013),-,Xanthium spinosum
Missouri,38.25031,-92.50046,1,-,Not recorded,Introduced,Not recorded,Invasive,USDA-NRCS (2013),-,Xanthium spinosum
Montana,47.00025,-109.75102,1,-,Not recorded,Introduced,Not recorded,Invasive,USDA-NRCS (2013),-,Xanthium spinosum
Nebraska,41.50028,-99.75067,1,-,Not recorded,Introduced,Not recorded,Invasive,USDA-NRCS (2013); Missouri Botanical Garden (2013),-,Xanthium spinosum
Nevada,39.25021,-116.75119,1,-,Not recorded,Introduced,Not recorded,Invasive,USDA-NRCS (2013),-,Xanthium spinosum
New Hampshire,43.66702,-71.4998,1,-,Not recorded,Introduced,Not recorded,Invasive,USDA-NRCS (2013),-,Xanthium spinosum
New Jersey,40.16706,-74.49987,1,-,Not recorded,Introduced,Not recorded,Invasive,USDA-NRCS (2013),-,Xanthium spinosum
New Mexico,34.50034,-106.00085,1,-,Not recorded,Introduced,Not recorded,Invasive,USDA-NRCS (2013),-,Xanthium spinosum
New York,43.00035,-75.4999,1,-,Not recorded,Introduced,Not recorded,Invasive,USDA-NRCS (2013),-,Xanthium spinosum
North Carolina,35.50069,-80.00032,1,-,Not recorded,Introduced,Not recorded,Invasive,USDA-NRCS (2013); Missouri Botanical Garden (2013),-,Xanthium spinosum
Ohio,40.25034,-83.00018,1,-,Not recorded,Introduced,Not recorded,Invasive,USDA-NRCS (2013),-,Xanthium spinosum
Oregon,44.00013,-120.50139,1,-,Not recorded,Introduced,Not recorded,Invasive,USDA-NRCS (2013),-,Xanthium spinosum
Pennsylvania,40.27245,-76.90567,1,-,Not recorded,Introduced,Not recorded,Invasive,USDA-NRCS (2013),-,Xanthium spinosum
Rhode Island,41.75038,-71.49978,1,-,Not recorded,Introduced,Not recorded,Invasive,USDA-NRCS (2013),-,Xanthium spinosum
South Carolina,34.00043,-81.00009,1,-,Not recorded,Introduced,Not recorded,Invasive,USDA-NRCS (2013),-,Xanthium spinosum
Tennessee,35.75035,-86.25027,1,-,Not recorded,Introduced,Not recorded,Invasive,USDA-NRCS (2013),-,Xanthium spinosum
Texas,31.25044,-99.25061,1,-,Not recorded,Introduced,Not recorded,Invasive,USDA-NRCS (2013); Missouri Botanical Garden (2013),-,Xanthium spinosum
Utah,39.25024,-111.75103,1,-,Not recorded,Introduced,Not recorded,Invasive,USDA-NRCS (2013),-,Xanthium spinosum
Virginia,37.54812,-77.44675,1,-,Not recorded,Introduced,Not recorded,Invasive,USDA-NRCS (2013),-,Xanthium spinosum
Washington,47.50012,-120.50147,1,-,Not recorded,Introduced,Not recorded,Invasive,USDA-NRCS (2013),-,Xanthium spinosum
West Virginia,38.50038,-80.50009,1,-,Not recorded,Introduced,Not recorded,Invasive,USDA-NRCS (2013),-,Xanthium spinosum
Australia,-25,135,1,-,Not recorded,Introduced,Not recorded,Invasive,PIER (2013),-,Xanthium spinosum
New South Wales,-33,146,1,-,Not recorded,Introduced,Not recorded,Invasive,CABI (Undated); Holm et al. (1977); PIER (2013); Royal Botanic Gardens Sydney (2013),-,Xanthium spinosum
Northern Territory,-20,134,1,-,Not recorded,Introduced,Not recorded,Invasive,CABI (Undated); PIER (2013); Royal Botanic Gardens Sydney (2013),-,Xanthium spinosum
Queensland,-20,145,1,-,Not recorded,Introduced,Not recorded,Invasive,CABI (Undated); PIER (2013); Royal Botanic Gardens Sydney (2013),-,Xanthium spinosum
South Australia,-30,135,1,Widespread,Not recorded,Introduced,Not recorded,-,Royal Botanic Gardens Sydney (2013),Eastern parts of the state,Xanthium spinosum
Tasmania,-42,147,1,Localized,Not recorded,Introduced,Not recorded,-,Royal Botanic Gardens Sydney (2013),-,Xanthium spinosum
Victoria,-37,145,1,Widespread,Not recorded,Introduced,Not recorded,-,Royal Botanic Gardens Sydney (2013),-,Xanthium spinosum
Western Australia,-25,122,1,-,Not recorded,Introduced,Not recorded,-,CABI (Undated); Gardner and Meadly (1947); Royal Botanic Gardens Sydney (2013),-,Xanthium spinosum
Fiji,-18,178,1,-,Not recorded,Introduced,Not recorded,-,PIER (2013),Viti Levu Island,Xanthium spinosum
Kiribati,1.421,172.984,1,-,Not recorded,Introduced,Not recorded,-,PIER (2013),Teraina (Washington) Island,Xanthium spinosum
New Zealand,-42,174,1,-,Not recorded,Introduced,Not recorded,Invasive,CABI (Undated); PIER (2013); USDA-ARS (2013),-,Xanthium spinosum
Papua New Guinea,-6,147,1,-,Not recorded,Introduced,Not recorded,Invasive,CABI (Undated); Holm et al. (1977); USDA-ARS (2013),Eastern New Guinea Island,Xanthium spinosum
Argentina,-34,-64,1,-,Not recorded,Native,Not recorded,Invasive,CABI (Undated); Istilart (2005); Missouri Botanical Garden (2013); USDA-ARS (2013),-,Xanthium spinosum
Bolivia,-17,-65,1,-,Not recorded,Native,Not recorded,-,USDA-ARS (2013); Missouri Botanical Garden (2013),-,Xanthium spinosum
Brazil,-10,-55,1,-,Not recorded,Native,Not recorded,-,USDA-ARS (2013); Missouri Botanical Garden (2013),-,Xanthium spinosum
Rio Grande do Sul,-30,-53.5,1,-,Not recorded,Native,Not recorded,-,USDA-ARS (2013),-,Xanthium spinosum
Santa Catarina,-27,-50,1,-,Not recorded,Native,Not recorded,-,USDA-ARS (2013),-,Xanthium spinosum
Chile,-30,-71,1,-,Not recorded,Native,Not recorded,-,CABI (Undated); PIER (2013); USDA-ARS (2013),-,Xanthium spinosum
Colombia,4,-73.25,1,-,Not recorded,-,Not recorded,-,Missouri Botanical Garden (2013),-,Xanthium spinosum
Ecuador,-1.25,-78.25,1,-,Not recorded,Native,Not recorded,-,USDA-ARS (2013); Missouri Botanical Garden (2013),-,Xanthium spinosum
Paraguay,-23.33333,-58,1,-,Not recorded,Native,Not recorded,-,USDA-ARS (2013),-,Xanthium spinosum
Peru,-10,-75.25,1,-,Not recorded,Native,Not recorded,-,CABI (Undated); GBIF (2013); USDA-ARS (2013),-,Xanthium spinosum
Uruguay,-33,-56,1,-,Not recorded,Native,Not recorded,-,CABI (Undated); Olano et al. (1996); USDA-ARS (2013),-,Xanthium spinosum