"","response","predictor","quantile","model","predictor.name","response.name"
"1",0.851209924783013,0.159852173136904,"0.1",1,"cassava_Fertilizer","cassava_HgHa"
"2",0.851209924783013,0.172622898055109,"0.1",1,"cassava_Fertilizer","cassava_HgHa"
"3",0.851209924783013,0.185393622973314,"0.1",1,"cassava_Fertilizer","cassava_HgHa"
"4",0.851209924783013,0.198164347891519,"0.1",1,"cassava_Fertilizer","cassava_HgHa"
"5",0.851209924783013,0.210935072809724,"0.1",1,"cassava_Fertilizer","cassava_HgHa"
"6",0.851209924783013,0.223705797727928,"0.1",1,"cassava_Fertilizer","cassava_HgHa"
"7",0.851209924783013,0.236476522646133,"0.1",1,"cassava_Fertilizer","cassava_HgHa"
"8",0.851209924783013,0.249247247564338,"0.1",1,"cassava_Fertilizer","cassava_HgHa"
"9",0.851209924783013,0.262017972482543,"0.1",1,"cassava_Fertilizer","cassava_HgHa"
"10",0.851209924783013,0.274788697400748,"0.1",1,"cassava_Fertilizer","cassava_HgHa"
"11",0.851209924783013,0.287559422318953,"0.1",1,"cassava_Fertilizer","cassava_HgHa"
"12",0.851209924783013,0.300330147237158,"0.1",1,"cassava_Fertilizer","cassava_HgHa"
"13",0.851209924783013,0.313100872155362,"0.1",1,"cassava_Fertilizer","cassava_HgHa"
"14",0.851209924783013,0.325871597073567,"0.1",1,"cassava_Fertilizer","cassava_HgHa"
"15",0.851209924783013,0.338642321991772,"0.1",1,"cassava_Fertilizer","cassava_HgHa"
"16",0.851209924783013,0.351413046909977,"0.1",1,"cassava_Fertilizer","cassava_HgHa"
"17",0.851209924783013,0.364183771828182,"0.1",1,"cassava_Fertilizer","cassava_HgHa"
"18",0.851209924783013,0.376954496746387,"0.1",1,"cassava_Fertilizer","cassava_HgHa"
"19",0.851209924783013,0.389725221664591,"0.1",1,"cassava_Fertilizer","cassava_HgHa"
"20",0.851209924783013,0.402495946582796,"0.1",1,"cassava_Fertilizer","cassava_HgHa"
"21",0.851209924783013,0.415266671501001,"0.1",1,"cassava_Fertilizer","cassava_HgHa"
"22",0.851209924783013,0.428037396419206,"0.1",1,"cassava_Fertilizer","cassava_HgHa"
"23",0.851209924783013,0.440808121337411,"0.1",1,"cassava_Fertilizer","cassava_HgHa"
"24",0.851209924783013,0.453578846255616,"0.1",1,"cassava_Fertilizer","cassava_HgHa"
"25",0.851209924783013,0.46634957117382,"0.1",1,"cassava_Fertilizer","cassava_HgHa"
"26",0.851209924783013,0.479120296092025,"0.1",1,"cassava_Fertilizer","cassava_HgHa"
"27",0.851209924783013,0.49189102101023,"0.1",1,"cassava_Fertilizer","cassava_HgHa"
"28",0.858306319774095,0.504661745928435,"0.1",1,"cassava_Fertilizer","cassava_HgHa"
"29",0.859730877425566,0.51743247084664,"0.1",1,"cassava_Fertilizer","cassava_HgHa"
"30",0.861361986532646,0.530203195764845,"0.1",1,"cassava_Fertilizer","cassava_HgHa"
"31",0.869416686803464,0.54297392068305,"0.1",1,"cassava_Fertilizer","cassava_HgHa"
"32",0.870651691082198,0.555744645601254,"0.1",1,"cassava_Fertilizer","cassava_HgHa"
"33",0.870651691082198,0.568515370519459,"0.1",1,"cassava_Fertilizer","cassava_HgHa"
"34",0.870651691082198,0.581286095437664,"0.1",1,"cassava_Fertilizer","cassava_HgHa"
"35",0.870651691082198,0.594056820355869,"0.1",1,"cassava_Fertilizer","cassava_HgHa"
"36",0.870651691082198,0.606827545274074,"0.1",1,"cassava_Fertilizer","cassava_HgHa"
"37",0.870651691082198,0.619598270192279,"0.1",1,"cassava_Fertilizer","cassava_HgHa"
"38",0.870651691082198,0.632368995110483,"0.1",1,"cassava_Fertilizer","cassava_HgHa"
"39",0.870651691082198,0.645139720028688,"0.1",1,"cassava_Fertilizer","cassava_HgHa"
"40",0.870651691082198,0.657910444946893,"0.1",1,"cassava_Fertilizer","cassava_HgHa"
"41",0.870651691082198,0.670681169865098,"0.1",1,"cassava_Fertilizer","cassava_HgHa"
"42",0.870651691082198,0.683451894783303,"0.1",1,"cassava_Fertilizer","cassava_HgHa"
"43",0.870838468493458,0.696222619701508,"0.1",1,"cassava_Fertilizer","cassava_HgHa"
"44",0.870838468493458,0.708993344619712,"0.1",1,"cassava_Fertilizer","cassava_HgHa"
"45",0.870838468493458,0.721764069537917,"0.1",1,"cassava_Fertilizer","cassava_HgHa"
"46",0.870838468493458,0.734534794456122,"0.1",1,"cassava_Fertilizer","cassava_HgHa"
"47",0.870838468493458,0.747305519374327,"0.1",1,"cassava_Fertilizer","cassava_HgHa"
"48",0.870838468493458,0.760076244292532,"0.1",1,"cassava_Fertilizer","cassava_HgHa"
"49",0.870838468493458,0.772846969210737,"0.1",1,"cassava_Fertilizer","cassava_HgHa"
"50",0.870838468493458,0.785617694128941,"0.1",1,"cassava_Fertilizer","cassava_HgHa"
"51",0.870838468493458,0.798388419047146,"0.1",1,"cassava_Fertilizer","cassava_HgHa"
"52",0.870838468493458,0.811159143965351,"0.1",1,"cassava_Fertilizer","cassava_HgHa"
"53",0.870838468493458,0.823929868883556,"0.1",1,"cassava_Fertilizer","cassava_HgHa"
"54",0.870838468493458,0.836700593801761,"0.1",1,"cassava_Fertilizer","cassava_HgHa"
"55",0.870838468493458,0.849471318719966,"0.1",1,"cassava_Fertilizer","cassava_HgHa"
"56",0.870838468493458,0.86224204363817,"0.1",1,"cassava_Fertilizer","cassava_HgHa"
"57",0.870838468493458,0.875012768556375,"0.1",1,"cassava_Fertilizer","cassava_HgHa"
"58",0.870838468493458,0.88778349347458,"0.1",1,"cassava_Fertilizer","cassava_HgHa"
"59",0.870838468493458,0.900554218392785,"0.1",1,"cassava_Fertilizer","cassava_HgHa"
"60",0.870838468493458,0.91332494331099,"0.1",1,"cassava_Fertilizer","cassava_HgHa"
"61",0.870838468493458,0.926095668229195,"0.1",1,"cassava_Fertilizer","cassava_HgHa"
"62",0.870838468493458,0.9388663931474,"0.1",1,"cassava_Fertilizer","cassava_HgHa"
"63",0.870838468493458,0.951637118065604,"0.1",1,"cassava_Fertilizer","cassava_HgHa"
"64",0.870838468493458,0.964407842983809,"0.1",1,"cassava_Fertilizer","cassava_HgHa"
"65",0.870838468493458,0.977178567902014,"0.1",1,"cassava_Fertilizer","cassava_HgHa"
"66",0.870838468493458,0.989949292820219,"0.1",1,"cassava_Fertilizer","cassava_HgHa"
"67",0.870838468493458,1.00272001773842,"0.1",1,"cassava_Fertilizer","cassava_HgHa"
"68",0.870838468493458,1.01549074265663,"0.1",1,"cassava_Fertilizer","cassava_HgHa"
"69",0.870838468493458,1.02826146757483,"0.1",1,"cassava_Fertilizer","cassava_HgHa"
"70",0.870487115533907,1.04103219249304,"0.1",1,"cassava_Fertilizer","cassava_HgHa"
"71",0.870487115533907,1.05380291741124,"0.1",1,"cassava_Fertilizer","cassava_HgHa"
"72",0.870568210707133,1.06657364232945,"0.1",1,"cassava_Fertilizer","cassava_HgHa"
"73",0.87067161978298,1.07934436724765,"0.1",1,"cassava_Fertilizer","cassava_HgHa"
"74",0.87067161978298,1.09211509216586,"0.1",1,"cassava_Fertilizer","cassava_HgHa"
"75",0.87067161978298,1.10488581708406,"0.1",1,"cassava_Fertilizer","cassava_HgHa"
"76",0.87067161978298,1.11765654200227,"0.1",1,"cassava_Fertilizer","cassava_HgHa"
"77",0.87067161978298,1.13042726692047,"0.1",1,"cassava_Fertilizer","cassava_HgHa"
"78",0.87067161978298,1.14319799183868,"0.1",1,"cassava_Fertilizer","cassava_HgHa"
"79",0.87067161978298,1.15596871675688,"0.1",1,"cassava_Fertilizer","cassava_HgHa"
"80",0.87067161978298,1.16873944167509,"0.1",1,"cassava_Fertilizer","cassava_HgHa"
"81",0.87067161978298,1.18151016659329,"0.1",1,"cassava_Fertilizer","cassava_HgHa"
"82",0.87067161978298,1.1942808915115,"0.1",1,"cassava_Fertilizer","cassava_HgHa"
"83",0.87067161978298,1.2070516164297,"0.1",1,"cassava_Fertilizer","cassava_HgHa"
"84",0.87067161978298,1.21982234134791,"0.1",1,"cassava_Fertilizer","cassava_HgHa"
"85",0.868890130439179,1.23259306626611,"0.1",1,"cassava_Fertilizer","cassava_HgHa"
"86",0.868890130439179,1.24536379118432,"0.1",1,"cassava_Fertilizer","cassava_HgHa"
"87",0.868890130439179,1.25813451610252,"0.1",1,"cassava_Fertilizer","cassava_HgHa"
"88",0.868890130439179,1.27090524102073,"0.1",1,"cassava_Fertilizer","cassava_HgHa"
"89",0.868868285744266,1.28367596593893,"0.1",1,"cassava_Fertilizer","cassava_HgHa"
"90",0.869398742569479,1.29644669085714,"0.1",1,"cassava_Fertilizer","cassava_HgHa"
"91",0.869398742569479,1.30921741577534,"0.1",1,"cassava_Fertilizer","cassava_HgHa"
"92",0.869398742569479,1.32198814069354,"0.1",1,"cassava_Fertilizer","cassava_HgHa"
"93",0.869398742569479,1.33475886561175,"0.1",1,"cassava_Fertilizer","cassava_HgHa"
"94",0.869398742569479,1.34752959052995,"0.1",1,"cassava_Fertilizer","cassava_HgHa"
"95",0.870311698320597,1.36030031544816,"0.1",1,"cassava_Fertilizer","cassava_HgHa"
"96",0.870311698320597,1.37307104036636,"0.1",1,"cassava_Fertilizer","cassava_HgHa"
"97",0.870311698320597,1.38584176528457,"0.1",1,"cassava_Fertilizer","cassava_HgHa"
"98",0.86954974637556,1.39861249020277,"0.1",1,"cassava_Fertilizer","cassava_HgHa"
"99",0.86954974637556,1.41138321512098,"0.1",1,"cassava_Fertilizer","cassava_HgHa"
"100",0.870045861959899,1.42415394003918,"0.1",1,"cassava_Fertilizer","cassava_HgHa"
"101",0.871150980475742,1.43692466495739,"0.1",1,"cassava_Fertilizer","cassava_HgHa"
"102",0.871150980475742,1.44969538987559,"0.1",1,"cassava_Fertilizer","cassava_HgHa"
"103",0.871150980475742,1.4624661147938,"0.1",1,"cassava_Fertilizer","cassava_HgHa"
"104",0.871150980475742,1.475236839712,"0.1",1,"cassava_Fertilizer","cassava_HgHa"
"105",0.871150980475742,1.48800756463021,"0.1",1,"cassava_Fertilizer","cassava_HgHa"
"106",0.871150980475742,1.50077828954841,"0.1",1,"cassava_Fertilizer","cassava_HgHa"
"107",0.872689839322166,1.51354901446662,"0.1",1,"cassava_Fertilizer","cassava_HgHa"
"108",0.872582990998357,1.52631973938482,"0.1",1,"cassava_Fertilizer","cassava_HgHa"
"109",0.873291844000693,1.53909046430303,"0.1",1,"cassava_Fertilizer","cassava_HgHa"
"110",0.87299036791113,1.55186118922123,"0.1",1,"cassava_Fertilizer","cassava_HgHa"
"111",0.87299036791113,1.56463191413944,"0.1",1,"cassava_Fertilizer","cassava_HgHa"
"112",0.87299036791113,1.57740263905764,"0.1",1,"cassava_Fertilizer","cassava_HgHa"
"113",0.873365227890445,1.59017336397585,"0.1",1,"cassava_Fertilizer","cassava_HgHa"
"114",0.873365227890445,1.60294408889405,"0.1",1,"cassava_Fertilizer","cassava_HgHa"
"115",0.873193541573353,1.61571481381226,"0.1",1,"cassava_Fertilizer","cassava_HgHa"
"116",0.873193541573353,1.62848553873046,"0.1",1,"cassava_Fertilizer","cassava_HgHa"
"117",0.875481544532267,1.64125626364867,"0.1",1,"cassava_Fertilizer","cassava_HgHa"
"118",0.875538353017969,1.65402698856687,"0.1",1,"cassava_Fertilizer","cassava_HgHa"
"119",0.878440944298198,1.66679771348508,"0.1",1,"cassava_Fertilizer","cassava_HgHa"
"120",0.879419978029853,1.67956843840328,"0.1",1,"cassava_Fertilizer","cassava_HgHa"
"121",0.879419978029853,1.69233916332149,"0.1",1,"cassava_Fertilizer","cassava_HgHa"
"122",0.877695142229469,1.70510988823969,"0.1",1,"cassava_Fertilizer","cassava_HgHa"
"123",0.878679013895065,1.71788061315789,"0.1",1,"cassava_Fertilizer","cassava_HgHa"
"124",0.883444533373894,1.7306513380761,"0.1",1,"cassava_Fertilizer","cassava_HgHa"
"125",0.882371644798089,1.7434220629943,"0.1",1,"cassava_Fertilizer","cassava_HgHa"
"126",0.884965228566554,1.75619278791251,"0.1",1,"cassava_Fertilizer","cassava_HgHa"
"127",0.888811191542798,1.76896351283071,"0.1",1,"cassava_Fertilizer","cassava_HgHa"
"128",0.88852214479552,1.78173423774892,"0.1",1,"cassava_Fertilizer","cassava_HgHa"
"129",0.890337289105042,1.79450496266712,"0.1",1,"cassava_Fertilizer","cassava_HgHa"
"130",0.892649181456181,1.80727568758533,"0.1",1,"cassava_Fertilizer","cassava_HgHa"
"131",0.89328150626394,1.82004641250353,"0.1",1,"cassava_Fertilizer","cassava_HgHa"
"132",0.893780489607436,1.83281713742174,"0.1",1,"cassava_Fertilizer","cassava_HgHa"
"133",0.893874204248346,1.84558786233994,"0.1",1,"cassava_Fertilizer","cassava_HgHa"
"134",0.893794002608006,1.85835858725815,"0.1",1,"cassava_Fertilizer","cassava_HgHa"
"135",0.893929470704288,1.87112931217635,"0.1",1,"cassava_Fertilizer","cassava_HgHa"
"136",0.894529261874657,1.88390003709456,"0.1",1,"cassava_Fertilizer","cassava_HgHa"
"137",0.896272988285611,1.89667076201276,"0.1",1,"cassava_Fertilizer","cassava_HgHa"
"138",0.903232197078088,1.90944148693097,"0.1",1,"cassava_Fertilizer","cassava_HgHa"
"139",0.90351618255527,1.92221221184917,"0.1",1,"cassava_Fertilizer","cassava_HgHa"
"140",0.905223365290681,1.93498293676738,"0.1",1,"cassava_Fertilizer","cassava_HgHa"
"141",0.905635956166242,1.94775366168558,"0.1",1,"cassava_Fertilizer","cassava_HgHa"
"142",0.905552175513648,1.96052438660379,"0.1",1,"cassava_Fertilizer","cassava_HgHa"
"143",0.906898114330987,1.97329511152199,"0.1",1,"cassava_Fertilizer","cassava_HgHa"
"144",0.906983377199931,1.9860658364402,"0.1",1,"cassava_Fertilizer","cassava_HgHa"
"145",0.906731078453652,1.9988365613584,"0.1",1,"cassava_Fertilizer","cassava_HgHa"
"146",0.906731078453652,2.01160728627661,"0.1",1,"cassava_Fertilizer","cassava_HgHa"
"147",0.906209032275261,2.02437801119481,"0.1",1,"cassava_Fertilizer","cassava_HgHa"
"148",0.90604667089678,2.03714873611302,"0.1",1,"cassava_Fertilizer","cassava_HgHa"
"149",0.90586945277828,2.04991946103122,"0.1",1,"cassava_Fertilizer","cassava_HgHa"
"150",0.90586945277828,2.06269018594943,"0.1",1,"cassava_Fertilizer","cassava_HgHa"
"151",0.90586945277828,2.07546091086763,"0.1",1,"cassava_Fertilizer","cassava_HgHa"
"152",0.90586945277828,2.08823163578584,"0.1",1,"cassava_Fertilizer","cassava_HgHa"
"153",0.905957260664823,2.10100236070404,"0.1",1,"cassava_Fertilizer","cassava_HgHa"
"154",0.905957260664823,2.11377308562224,"0.1",1,"cassava_Fertilizer","cassava_HgHa"
"155",0.905957260664823,2.12654381054045,"0.1",1,"cassava_Fertilizer","cassava_HgHa"
"156",0.905957260664823,2.13931453545865,"0.1",1,"cassava_Fertilizer","cassava_HgHa"
"157",0.905957260664823,2.15208526037686,"0.1",1,"cassava_Fertilizer","cassava_HgHa"
"158",0.904364034012608,2.16485598529506,"0.1",1,"cassava_Fertilizer","cassava_HgHa"
"159",0.904364034012608,2.17762671021327,"0.1",1,"cassava_Fertilizer","cassava_HgHa"
"160",0.904096472472237,2.19039743513147,"0.1",1,"cassava_Fertilizer","cassava_HgHa"
"161",0.904080304560765,2.20316816004968,"0.1",1,"cassava_Fertilizer","cassava_HgHa"
"162",0.902451913112131,2.21593888496788,"0.1",1,"cassava_Fertilizer","cassava_HgHa"
"163",0.902451913112131,2.22870960988609,"0.1",1,"cassava_Fertilizer","cassava_HgHa"
"164",0.902451913112131,2.24148033480429,"0.1",1,"cassava_Fertilizer","cassava_HgHa"
"165",0.902451913112131,2.2542510597225,"0.1",1,"cassava_Fertilizer","cassava_HgHa"
"166",0.902451913112131,2.2670217846407,"0.1",1,"cassava_Fertilizer","cassava_HgHa"
"167",0.902451913112131,2.27979250955891,"0.1",1,"cassava_Fertilizer","cassava_HgHa"
"168",0.902451913112131,2.29256323447711,"0.1",1,"cassava_Fertilizer","cassava_HgHa"
"169",0.902451913112131,2.30533395939532,"0.1",1,"cassava_Fertilizer","cassava_HgHa"
"170",0.902451913112131,2.31810468431352,"0.1",1,"cassava_Fertilizer","cassava_HgHa"
"171",0.902451913112131,2.33087540923173,"0.1",1,"cassava_Fertilizer","cassava_HgHa"
"172",0.902479662458467,2.34364613414993,"0.1",1,"cassava_Fertilizer","cassava_HgHa"
"173",0.902479662458467,2.35641685906814,"0.1",1,"cassava_Fertilizer","cassava_HgHa"
"174",0.902479662458467,2.36918758398634,"0.1",1,"cassava_Fertilizer","cassava_HgHa"
"175",0.902479662458467,2.38195830890455,"0.1",1,"cassava_Fertilizer","cassava_HgHa"
"176",0.902479662458467,2.39472903382275,"0.1",1,"cassava_Fertilizer","cassava_HgHa"
"177",0.902479662458467,2.40749975874096,"0.1",1,"cassava_Fertilizer","cassava_HgHa"
"178",0.902479662458467,2.42027048365916,"0.1",1,"cassava_Fertilizer","cassava_HgHa"
"179",0.902479662458467,2.43304120857737,"0.1",1,"cassava_Fertilizer","cassava_HgHa"
"180",0.902479662458467,2.44581193349557,"0.1",1,"cassava_Fertilizer","cassava_HgHa"
"181",0.902479662458467,2.45858265841378,"0.1",1,"cassava_Fertilizer","cassava_HgHa"
"182",0.900732333923018,2.47135338333198,"0.1",1,"cassava_Fertilizer","cassava_HgHa"
"183",0.89952037917279,2.48412410825019,"0.1",1,"cassava_Fertilizer","cassava_HgHa"
"184",0.896293080833485,2.49689483316839,"0.1",1,"cassava_Fertilizer","cassava_HgHa"
"185",0.896293080833485,2.5096655580866,"0.1",1,"cassava_Fertilizer","cassava_HgHa"
"186",0.896293080833485,2.5224362830048,"0.1",1,"cassava_Fertilizer","cassava_HgHa"
"187",0.895355072392959,2.535207007923,"0.1",1,"cassava_Fertilizer","cassava_HgHa"
"188",0.895355072392959,2.54797773284121,"0.1",1,"cassava_Fertilizer","cassava_HgHa"
"189",0.892477092413912,2.56074845775941,"0.1",1,"cassava_Fertilizer","cassava_HgHa"
"190",0.892477092413912,2.57351918267762,"0.1",1,"cassava_Fertilizer","cassava_HgHa"
"191",0.885553298528267,2.58628990759582,"0.1",1,"cassava_Fertilizer","cassava_HgHa"
"192",0.881787151594905,2.59906063251403,"0.1",1,"cassava_Fertilizer","cassava_HgHa"
"193",0.880766408234527,2.61183135743223,"0.1",1,"cassava_Fertilizer","cassava_HgHa"
"194",0.880766408234527,2.62460208235044,"0.1",1,"cassava_Fertilizer","cassava_HgHa"
"195",0.880766408234527,2.63737280726864,"0.1",1,"cassava_Fertilizer","cassava_HgHa"
"196",0.880766408234527,2.65014353218685,"0.1",1,"cassava_Fertilizer","cassava_HgHa"
"197",0.880766408234527,2.66291425710505,"0.1",1,"cassava_Fertilizer","cassava_HgHa"
"198",0.880766408234527,2.67568498202326,"0.1",1,"cassava_Fertilizer","cassava_HgHa"
"199",0.880766408234527,2.68845570694146,"0.1",1,"cassava_Fertilizer","cassava_HgHa"
"200",0.880766408234527,2.70122643185967,"0.1",1,"cassava_Fertilizer","cassava_HgHa"
"201",0.782827427521037,0.159852173136904,"0.5",1,"cassava_Fertilizer","cassava_HgHa"
"202",0.782713053884293,0.172622898055109,"0.5",1,"cassava_Fertilizer","cassava_HgHa"
"203",0.782713053884293,0.185393622973314,"0.5",1,"cassava_Fertilizer","cassava_HgHa"
"204",0.782713053884293,0.198164347891519,"0.5",1,"cassava_Fertilizer","cassava_HgHa"
"205",0.782713053884293,0.210935072809724,"0.5",1,"cassava_Fertilizer","cassava_HgHa"
"206",0.782713053884293,0.223705797727928,"0.5",1,"cassava_Fertilizer","cassava_HgHa"
"207",0.782713053884293,0.236476522646133,"0.5",1,"cassava_Fertilizer","cassava_HgHa"
"208",0.782713053884293,0.249247247564338,"0.5",1,"cassava_Fertilizer","cassava_HgHa"
"209",0.782713053884293,0.262017972482543,"0.5",1,"cassava_Fertilizer","cassava_HgHa"
"210",0.782713053884293,0.274788697400748,"0.5",1,"cassava_Fertilizer","cassava_HgHa"
"211",0.782713053884293,0.287559422318953,"0.5",1,"cassava_Fertilizer","cassava_HgHa"
"212",0.782713053884293,0.300330147237158,"0.5",1,"cassava_Fertilizer","cassava_HgHa"
"213",0.782713053884293,0.313100872155362,"0.5",1,"cassava_Fertilizer","cassava_HgHa"
"214",0.782713053884293,0.325871597073567,"0.5",1,"cassava_Fertilizer","cassava_HgHa"
"215",0.782713053884293,0.338642321991772,"0.5",1,"cassava_Fertilizer","cassava_HgHa"
"216",0.782713053884293,0.351413046909977,"0.5",1,"cassava_Fertilizer","cassava_HgHa"
"217",0.782713053884293,0.364183771828182,"0.5",1,"cassava_Fertilizer","cassava_HgHa"
"218",0.782713053884293,0.376954496746387,"0.5",1,"cassava_Fertilizer","cassava_HgHa"
"219",0.784570571173673,0.389725221664591,"0.5",1,"cassava_Fertilizer","cassava_HgHa"
"220",0.784570571173673,0.402495946582796,"0.5",1,"cassava_Fertilizer","cassava_HgHa"
"221",0.784570571173673,0.415266671501001,"0.5",1,"cassava_Fertilizer","cassava_HgHa"
"222",0.784570571173673,0.428037396419206,"0.5",1,"cassava_Fertilizer","cassava_HgHa"
"223",0.784570571173673,0.440808121337411,"0.5",1,"cassava_Fertilizer","cassava_HgHa"
"224",0.784570571173673,0.453578846255616,"0.5",1,"cassava_Fertilizer","cassava_HgHa"
"225",0.784570571173673,0.46634957117382,"0.5",1,"cassava_Fertilizer","cassava_HgHa"
"226",0.784570571173673,0.479120296092025,"0.5",1,"cassava_Fertilizer","cassava_HgHa"
"227",0.784570571173673,0.49189102101023,"0.5",1,"cassava_Fertilizer","cassava_HgHa"
"228",0.784435083716371,0.504661745928435,"0.5",1,"cassava_Fertilizer","cassava_HgHa"
"229",0.784435083716371,0.51743247084664,"0.5",1,"cassava_Fertilizer","cassava_HgHa"
"230",0.786430550756936,0.530203195764845,"0.5",1,"cassava_Fertilizer","cassava_HgHa"
"231",0.795534329177419,0.54297392068305,"0.5",1,"cassava_Fertilizer","cassava_HgHa"
"232",0.794765144774392,0.555744645601254,"0.5",1,"cassava_Fertilizer","cassava_HgHa"
"233",0.794765144774392,0.568515370519459,"0.5",1,"cassava_Fertilizer","cassava_HgHa"
"234",0.794765144774392,0.581286095437664,"0.5",1,"cassava_Fertilizer","cassava_HgHa"
"235",0.794989508986088,0.594056820355869,"0.5",1,"cassava_Fertilizer","cassava_HgHa"
"236",0.794989508986088,0.606827545274074,"0.5",1,"cassava_Fertilizer","cassava_HgHa"
"237",0.795164473157228,0.619598270192279,"0.5",1,"cassava_Fertilizer","cassava_HgHa"
"238",0.795164473157228,0.632368995110483,"0.5",1,"cassava_Fertilizer","cassava_HgHa"
"239",0.795164473157228,0.645139720028688,"0.5",1,"cassava_Fertilizer","cassava_HgHa"
"240",0.795705933743528,0.657910444946893,"0.5",1,"cassava_Fertilizer","cassava_HgHa"
"241",0.795705933743528,0.670681169865098,"0.5",1,"cassava_Fertilizer","cassava_HgHa"
"242",0.795705933743528,0.683451894783303,"0.5",1,"cassava_Fertilizer","cassava_HgHa"
"243",0.795705933743528,0.696222619701508,"0.5",1,"cassava_Fertilizer","cassava_HgHa"
"244",0.796292900987559,0.708993344619712,"0.5",1,"cassava_Fertilizer","cassava_HgHa"
"245",0.796712530278426,0.721764069537917,"0.5",1,"cassava_Fertilizer","cassava_HgHa"
"246",0.796712530278426,0.734534794456122,"0.5",1,"cassava_Fertilizer","cassava_HgHa"
"247",0.796712530278426,0.747305519374327,"0.5",1,"cassava_Fertilizer","cassava_HgHa"
"248",0.796712530278426,0.760076244292532,"0.5",1,"cassava_Fertilizer","cassava_HgHa"
"249",0.796712530278426,0.772846969210737,"0.5",1,"cassava_Fertilizer","cassava_HgHa"
"250",0.796712530278426,0.785617694128941,"0.5",1,"cassava_Fertilizer","cassava_HgHa"
"251",0.796712530278426,0.798388419047146,"0.5",1,"cassava_Fertilizer","cassava_HgHa"
"252",0.796712530278426,0.811159143965351,"0.5",1,"cassava_Fertilizer","cassava_HgHa"
"253",0.796712530278426,0.823929868883556,"0.5",1,"cassava_Fertilizer","cassava_HgHa"
"254",0.796712530278426,0.836700593801761,"0.5",1,"cassava_Fertilizer","cassava_HgHa"
"255",0.796712530278426,0.849471318719966,"0.5",1,"cassava_Fertilizer","cassava_HgHa"
"256",0.796712530278426,0.86224204363817,"0.5",1,"cassava_Fertilizer","cassava_HgHa"
"257",0.796712530278426,0.875012768556375,"0.5",1,"cassava_Fertilizer","cassava_HgHa"
"258",0.796712530278426,0.88778349347458,"0.5",1,"cassava_Fertilizer","cassava_HgHa"
"259",0.797150384796803,0.900554218392785,"0.5",1,"cassava_Fertilizer","cassava_HgHa"
"260",0.797150384796803,0.91332494331099,"0.5",1,"cassava_Fertilizer","cassava_HgHa"
"261",0.797150384796803,0.926095668229195,"0.5",1,"cassava_Fertilizer","cassava_HgHa"
"262",0.79729629059384,0.9388663931474,"0.5",1,"cassava_Fertilizer","cassava_HgHa"
"263",0.797924356567826,0.951637118065604,"0.5",1,"cassava_Fertilizer","cassava_HgHa"
"264",0.797924356567826,0.964407842983809,"0.5",1,"cassava_Fertilizer","cassava_HgHa"
"265",0.797924356567826,0.977178567902014,"0.5",1,"cassava_Fertilizer","cassava_HgHa"
"266",0.797924356567826,0.989949292820219,"0.5",1,"cassava_Fertilizer","cassava_HgHa"
"267",0.797924356567826,1.00272001773842,"0.5",1,"cassava_Fertilizer","cassava_HgHa"
"268",0.797924356567826,1.01549074265663,"0.5",1,"cassava_Fertilizer","cassava_HgHa"
"269",0.797971088353559,1.02826146757483,"0.5",1,"cassava_Fertilizer","cassava_HgHa"
"270",0.797971088353559,1.04103219249304,"0.5",1,"cassava_Fertilizer","cassava_HgHa"
"271",0.797733516221786,1.05380291741124,"0.5",1,"cassava_Fertilizer","cassava_HgHa"
"272",0.79804753556876,1.06657364232945,"0.5",1,"cassava_Fertilizer","cassava_HgHa"
"273",0.79804753556876,1.07934436724765,"0.5",1,"cassava_Fertilizer","cassava_HgHa"
"274",0.79804753556876,1.09211509216586,"0.5",1,"cassava_Fertilizer","cassava_HgHa"
"275",0.797821882741519,1.10488581708406,"0.5",1,"cassava_Fertilizer","cassava_HgHa"
"276",0.797821882741519,1.11765654200227,"0.5",1,"cassava_Fertilizer","cassava_HgHa"
"277",0.797821882741519,1.13042726692047,"0.5",1,"cassava_Fertilizer","cassava_HgHa"
"278",0.797821882741519,1.14319799183868,"0.5",1,"cassava_Fertilizer","cassava_HgHa"
"279",0.797821882741519,1.15596871675688,"0.5",1,"cassava_Fertilizer","cassava_HgHa"
"280",0.797821882741519,1.16873944167509,"0.5",1,"cassava_Fertilizer","cassava_HgHa"
"281",0.797821882741519,1.18151016659329,"0.5",1,"cassava_Fertilizer","cassava_HgHa"
"282",0.798138380812869,1.1942808915115,"0.5",1,"cassava_Fertilizer","cassava_HgHa"
"283",0.798138380812869,1.2070516164297,"0.5",1,"cassava_Fertilizer","cassava_HgHa"
"284",0.798138380812869,1.21982234134791,"0.5",1,"cassava_Fertilizer","cassava_HgHa"
"285",0.798138380812869,1.23259306626611,"0.5",1,"cassava_Fertilizer","cassava_HgHa"
"286",0.798709132421966,1.24536379118432,"0.5",1,"cassava_Fertilizer","cassava_HgHa"
"287",0.798709132421966,1.25813451610252,"0.5",1,"cassava_Fertilizer","cassava_HgHa"
"288",0.798709132421966,1.27090524102073,"0.5",1,"cassava_Fertilizer","cassava_HgHa"
"289",0.797973861100879,1.28367596593893,"0.5",1,"cassava_Fertilizer","cassava_HgHa"
"290",0.797973861100879,1.29644669085714,"0.5",1,"cassava_Fertilizer","cassava_HgHa"
"291",0.800345131413994,1.30921741577534,"0.5",1,"cassava_Fertilizer","cassava_HgHa"
"292",0.800621918581844,1.32198814069354,"0.5",1,"cassava_Fertilizer","cassava_HgHa"
"293",0.8013621025448,1.33475886561175,"0.5",1,"cassava_Fertilizer","cassava_HgHa"
"294",0.801450422166329,1.34752959052995,"0.5",1,"cassava_Fertilizer","cassava_HgHa"
"295",0.801450422166329,1.36030031544816,"0.5",1,"cassava_Fertilizer","cassava_HgHa"
"296",0.801450422166329,1.37307104036636,"0.5",1,"cassava_Fertilizer","cassava_HgHa"
"297",0.802282730186271,1.38584176528457,"0.5",1,"cassava_Fertilizer","cassava_HgHa"
"298",0.803484453080766,1.39861249020277,"0.5",1,"cassava_Fertilizer","cassava_HgHa"
"299",0.804111023330332,1.41138321512098,"0.5",1,"cassava_Fertilizer","cassava_HgHa"
"300",0.804111023330332,1.42415394003918,"0.5",1,"cassava_Fertilizer","cassava_HgHa"
"301",0.804193542399842,1.43692466495739,"0.5",1,"cassava_Fertilizer","cassava_HgHa"
"302",0.804367892492478,1.44969538987559,"0.5",1,"cassava_Fertilizer","cassava_HgHa"
"303",0.804367892492478,1.4624661147938,"0.5",1,"cassava_Fertilizer","cassava_HgHa"
"304",0.804367892492478,1.475236839712,"0.5",1,"cassava_Fertilizer","cassava_HgHa"
"305",0.804367892492478,1.48800756463021,"0.5",1,"cassava_Fertilizer","cassava_HgHa"
"306",0.804367892492478,1.50077828954841,"0.5",1,"cassava_Fertilizer","cassava_HgHa"
"307",0.804533132948998,1.51354901446662,"0.5",1,"cassava_Fertilizer","cassava_HgHa"
"308",0.804533132948998,1.52631973938482,"0.5",1,"cassava_Fertilizer","cassava_HgHa"
"309",0.804311484853966,1.53909046430303,"0.5",1,"cassava_Fertilizer","cassava_HgHa"
"310",0.805677203628505,1.55186118922123,"0.5",1,"cassava_Fertilizer","cassava_HgHa"
"311",0.805677203628505,1.56463191413944,"0.5",1,"cassava_Fertilizer","cassava_HgHa"
"312",0.807184359307874,1.57740263905764,"0.5",1,"cassava_Fertilizer","cassava_HgHa"
"313",0.810198337298335,1.59017336397585,"0.5",1,"cassava_Fertilizer","cassava_HgHa"
"314",0.811846384011718,1.60294408889405,"0.5",1,"cassava_Fertilizer","cassava_HgHa"
"315",0.812217969474268,1.61571481381226,"0.5",1,"cassava_Fertilizer","cassava_HgHa"
"316",0.812000815684098,1.62848553873046,"0.5",1,"cassava_Fertilizer","cassava_HgHa"
"317",0.81271658335017,1.64125626364867,"0.5",1,"cassava_Fertilizer","cassava_HgHa"
"318",0.813154774482875,1.65402698856687,"0.5",1,"cassava_Fertilizer","cassava_HgHa"
"319",0.814373104327371,1.66679771348508,"0.5",1,"cassava_Fertilizer","cassava_HgHa"
"320",0.816973407414097,1.67956843840328,"0.5",1,"cassava_Fertilizer","cassava_HgHa"
"321",0.817468847790802,1.69233916332149,"0.5",1,"cassava_Fertilizer","cassava_HgHa"
"322",0.817929468267333,1.70510988823969,"0.5",1,"cassava_Fertilizer","cassava_HgHa"
"323",0.831797254811234,1.71788061315789,"0.5",1,"cassava_Fertilizer","cassava_HgHa"
"324",0.840143289698409,1.7306513380761,"0.5",1,"cassava_Fertilizer","cassava_HgHa"
"325",0.840289654018981,1.7434220629943,"0.5",1,"cassava_Fertilizer","cassava_HgHa"
"326",0.841908179398038,1.75619278791251,"0.5",1,"cassava_Fertilizer","cassava_HgHa"
"327",0.846503680308771,1.76896351283071,"0.5",1,"cassava_Fertilizer","cassava_HgHa"
"328",0.846290287572025,1.78173423774892,"0.5",1,"cassava_Fertilizer","cassava_HgHa"
"329",0.847175253645951,1.79450496266712,"0.5",1,"cassava_Fertilizer","cassava_HgHa"
"330",0.848091844239044,1.80727568758533,"0.5",1,"cassava_Fertilizer","cassava_HgHa"
"331",0.848667614269691,1.82004641250353,"0.5",1,"cassava_Fertilizer","cassava_HgHa"
"332",0.848771922627201,1.83281713742174,"0.5",1,"cassava_Fertilizer","cassava_HgHa"
"333",0.848924136249609,1.84558786233994,"0.5",1,"cassava_Fertilizer","cassava_HgHa"
"334",0.851047573901837,1.85835858725815,"0.5",1,"cassava_Fertilizer","cassava_HgHa"
"335",0.851260269402602,1.87112931217635,"0.5",1,"cassava_Fertilizer","cassava_HgHa"
"336",0.850196054021784,1.88390003709456,"0.5",1,"cassava_Fertilizer","cassava_HgHa"
"337",0.866834187289086,1.89667076201276,"0.5",1,"cassava_Fertilizer","cassava_HgHa"
"338",0.874071979428524,1.90944148693097,"0.5",1,"cassava_Fertilizer","cassava_HgHa"
"339",0.878431473336803,1.92221221184917,"0.5",1,"cassava_Fertilizer","cassava_HgHa"
"340",0.877132253654836,1.93498293676738,"0.5",1,"cassava_Fertilizer","cassava_HgHa"
"341",0.879198969426706,1.94775366168558,"0.5",1,"cassava_Fertilizer","cassava_HgHa"
"342",0.879124130947746,1.96052438660379,"0.5",1,"cassava_Fertilizer","cassava_HgHa"
"343",0.879713489831796,1.97329511152199,"0.5",1,"cassava_Fertilizer","cassava_HgHa"
"344",0.879713489831796,1.9860658364402,"0.5",1,"cassava_Fertilizer","cassava_HgHa"
"345",0.878670735607362,1.9988365613584,"0.5",1,"cassava_Fertilizer","cassava_HgHa"
"346",0.879460744968907,2.01160728627661,"0.5",1,"cassava_Fertilizer","cassava_HgHa"
"347",0.880994947973788,2.02437801119481,"0.5",1,"cassava_Fertilizer","cassava_HgHa"
"348",0.88201996710679,2.03714873611302,"0.5",1,"cassava_Fertilizer","cassava_HgHa"
"349",0.881855186619255,2.04991946103122,"0.5",1,"cassava_Fertilizer","cassava_HgHa"
"350",0.881855186619255,2.06269018594943,"0.5",1,"cassava_Fertilizer","cassava_HgHa"
"351",0.881928429268159,2.07546091086763,"0.5",1,"cassava_Fertilizer","cassava_HgHa"
"352",0.882135098966378,2.08823163578584,"0.5",1,"cassava_Fertilizer","cassava_HgHa"
"353",0.882135098966378,2.10100236070404,"0.5",1,"cassava_Fertilizer","cassava_HgHa"
"354",0.882135098966378,2.11377308562224,"0.5",1,"cassava_Fertilizer","cassava_HgHa"
"355",0.882126398300218,2.12654381054045,"0.5",1,"cassava_Fertilizer","cassava_HgHa"
"356",0.882126398300218,2.13931453545865,"0.5",1,"cassava_Fertilizer","cassava_HgHa"
"357",0.882104410504101,2.15208526037686,"0.5",1,"cassava_Fertilizer","cassava_HgHa"
"358",0.880891178675241,2.16485598529506,"0.5",1,"cassava_Fertilizer","cassava_HgHa"
"359",0.881050616678164,2.17762671021327,"0.5",1,"cassava_Fertilizer","cassava_HgHa"
"360",0.881050616678164,2.19039743513147,"0.5",1,"cassava_Fertilizer","cassava_HgHa"
"361",0.880798826201013,2.20316816004968,"0.5",1,"cassava_Fertilizer","cassava_HgHa"
"362",0.879661519414779,2.21593888496788,"0.5",1,"cassava_Fertilizer","cassava_HgHa"
"363",0.879661519414779,2.22870960988609,"0.5",1,"cassava_Fertilizer","cassava_HgHa"
"364",0.879661519414779,2.24148033480429,"0.5",1,"cassava_Fertilizer","cassava_HgHa"
"365",0.878492028538951,2.2542510597225,"0.5",1,"cassava_Fertilizer","cassava_HgHa"
"366",0.878492028538951,2.2670217846407,"0.5",1,"cassava_Fertilizer","cassava_HgHa"
"367",0.878492028538951,2.27979250955891,"0.5",1,"cassava_Fertilizer","cassava_HgHa"
"368",0.878492028538951,2.29256323447711,"0.5",1,"cassava_Fertilizer","cassava_HgHa"
"369",0.878492028538951,2.30533395939532,"0.5",1,"cassava_Fertilizer","cassava_HgHa"
"370",0.877664384744215,2.31810468431352,"0.5",1,"cassava_Fertilizer","cassava_HgHa"
"371",0.877664384744215,2.33087540923173,"0.5",1,"cassava_Fertilizer","cassava_HgHa"
"372",0.876625036606194,2.34364613414993,"0.5",1,"cassava_Fertilizer","cassava_HgHa"
"373",0.876625036606194,2.35641685906814,"0.5",1,"cassava_Fertilizer","cassava_HgHa"
"374",0.876625036606194,2.36918758398634,"0.5",1,"cassava_Fertilizer","cassava_HgHa"
"375",0.876625036606194,2.38195830890455,"0.5",1,"cassava_Fertilizer","cassava_HgHa"
"376",0.876625036606194,2.39472903382275,"0.5",1,"cassava_Fertilizer","cassava_HgHa"
"377",0.876625036606194,2.40749975874096,"0.5",1,"cassava_Fertilizer","cassava_HgHa"
"378",0.876625036606194,2.42027048365916,"0.5",1,"cassava_Fertilizer","cassava_HgHa"
"379",0.876625036606194,2.43304120857737,"0.5",1,"cassava_Fertilizer","cassava_HgHa"
"380",0.876437338930146,2.44581193349557,"0.5",1,"cassava_Fertilizer","cassava_HgHa"
"381",0.876437338930146,2.45858265841378,"0.5",1,"cassava_Fertilizer","cassava_HgHa"
"382",0.875051879193003,2.47135338333198,"0.5",1,"cassava_Fertilizer","cassava_HgHa"
"383",0.875051879193003,2.48412410825019,"0.5",1,"cassava_Fertilizer","cassava_HgHa"
"384",0.873606604649296,2.49689483316839,"0.5",1,"cassava_Fertilizer","cassava_HgHa"
"385",0.873606604649296,2.5096655580866,"0.5",1,"cassava_Fertilizer","cassava_HgHa"
"386",0.872753015139311,2.5224362830048,"0.5",1,"cassava_Fertilizer","cassava_HgHa"
"387",0.872753015139311,2.535207007923,"0.5",1,"cassava_Fertilizer","cassava_HgHa"
"388",0.872753015139311,2.54797773284121,"0.5",1,"cassava_Fertilizer","cassava_HgHa"
"389",0.872753015139311,2.56074845775941,"0.5",1,"cassava_Fertilizer","cassava_HgHa"
"390",0.872753015139311,2.57351918267762,"0.5",1,"cassava_Fertilizer","cassava_HgHa"
"391",0.867107046251234,2.58628990759582,"0.5",1,"cassava_Fertilizer","cassava_HgHa"
"392",0.863205686169521,2.59906063251403,"0.5",1,"cassava_Fertilizer","cassava_HgHa"
"393",0.861999149190139,2.61183135743223,"0.5",1,"cassava_Fertilizer","cassava_HgHa"
"394",0.861999149190139,2.62460208235044,"0.5",1,"cassava_Fertilizer","cassava_HgHa"
"395",0.861999149190139,2.63737280726864,"0.5",1,"cassava_Fertilizer","cassava_HgHa"
"396",0.861999149190139,2.65014353218685,"0.5",1,"cassava_Fertilizer","cassava_HgHa"
"397",0.861999149190139,2.66291425710505,"0.5",1,"cassava_Fertilizer","cassava_HgHa"
"398",0.861999149190139,2.67568498202326,"0.5",1,"cassava_Fertilizer","cassava_HgHa"
"399",0.861999149190139,2.68845570694146,"0.5",1,"cassava_Fertilizer","cassava_HgHa"
"400",0.861999149190139,2.70122643185967,"0.5",1,"cassava_Fertilizer","cassava_HgHa"
"401",0.776812715511895,0.159852173136904,"0.9",1,"cassava_Fertilizer","cassava_HgHa"
"402",0.776812715511895,0.172622898055109,"0.9",1,"cassava_Fertilizer","cassava_HgHa"
"403",0.776812715511895,0.185393622973314,"0.9",1,"cassava_Fertilizer","cassava_HgHa"
"404",0.776812715511895,0.198164347891519,"0.9",1,"cassava_Fertilizer","cassava_HgHa"
"405",0.776812715511895,0.210935072809724,"0.9",1,"cassava_Fertilizer","cassava_HgHa"
"406",0.776812715511895,0.223705797727928,"0.9",1,"cassava_Fertilizer","cassava_HgHa"
"407",0.776812715511895,0.236476522646133,"0.9",1,"cassava_Fertilizer","cassava_HgHa"
"408",0.776812715511895,0.249247247564338,"0.9",1,"cassava_Fertilizer","cassava_HgHa"
"409",0.776812715511895,0.262017972482543,"0.9",1,"cassava_Fertilizer","cassava_HgHa"
"410",0.776812715511895,0.274788697400748,"0.9",1,"cassava_Fertilizer","cassava_HgHa"
"411",0.776812715511895,0.287559422318953,"0.9",1,"cassava_Fertilizer","cassava_HgHa"
"412",0.776812715511895,0.300330147237158,"0.9",1,"cassava_Fertilizer","cassava_HgHa"
"413",0.776812715511895,0.313100872155362,"0.9",1,"cassava_Fertilizer","cassava_HgHa"
"414",0.776812715511895,0.325871597073567,"0.9",1,"cassava_Fertilizer","cassava_HgHa"
"415",0.776812715511895,0.338642321991772,"0.9",1,"cassava_Fertilizer","cassava_HgHa"
"416",0.776812715511895,0.351413046909977,"0.9",1,"cassava_Fertilizer","cassava_HgHa"
"417",0.776812715511895,0.364183771828182,"0.9",1,"cassava_Fertilizer","cassava_HgHa"
"418",0.776812715511895,0.376954496746387,"0.9",1,"cassava_Fertilizer","cassava_HgHa"
"419",0.776812715511895,0.389725221664591,"0.9",1,"cassava_Fertilizer","cassava_HgHa"
"420",0.776812715511895,0.402495946582796,"0.9",1,"cassava_Fertilizer","cassava_HgHa"
"421",0.776812715511895,0.415266671501001,"0.9",1,"cassava_Fertilizer","cassava_HgHa"
"422",0.776812715511895,0.428037396419206,"0.9",1,"cassava_Fertilizer","cassava_HgHa"
"423",0.776812715511895,0.440808121337411,"0.9",1,"cassava_Fertilizer","cassava_HgHa"
"424",0.776812715511895,0.453578846255616,"0.9",1,"cassava_Fertilizer","cassava_HgHa"
"425",0.776812715511895,0.46634957117382,"0.9",1,"cassava_Fertilizer","cassava_HgHa"
"426",0.776812715511895,0.479120296092025,"0.9",1,"cassava_Fertilizer","cassava_HgHa"
"427",0.776812715511895,0.49189102101023,"0.9",1,"cassava_Fertilizer","cassava_HgHa"
"428",0.776812715511895,0.504661745928435,"0.9",1,"cassava_Fertilizer","cassava_HgHa"
"429",0.776812715511895,0.51743247084664,"0.9",1,"cassava_Fertilizer","cassava_HgHa"
"430",0.776812715511895,0.530203195764845,"0.9",1,"cassava_Fertilizer","cassava_HgHa"
"431",0.778251456296424,0.54297392068305,"0.9",1,"cassava_Fertilizer","cassava_HgHa"
"432",0.778251456296424,0.555744645601254,"0.9",1,"cassava_Fertilizer","cassava_HgHa"
"433",0.778251456296424,0.568515370519459,"0.9",1,"cassava_Fertilizer","cassava_HgHa"
"434",0.778251456296424,0.581286095437664,"0.9",1,"cassava_Fertilizer","cassava_HgHa"
"435",0.778251456296424,0.594056820355869,"0.9",1,"cassava_Fertilizer","cassava_HgHa"
"436",0.778251456296424,0.606827545274074,"0.9",1,"cassava_Fertilizer","cassava_HgHa"
"437",0.778251456296424,0.619598270192279,"0.9",1,"cassava_Fertilizer","cassava_HgHa"
"438",0.778251456296424,0.632368995110483,"0.9",1,"cassava_Fertilizer","cassava_HgHa"
"439",0.778251456296424,0.645139720028688,"0.9",1,"cassava_Fertilizer","cassava_HgHa"
"440",0.778251456296424,0.657910444946893,"0.9",1,"cassava_Fertilizer","cassava_HgHa"
"441",0.778251456296424,0.670681169865098,"0.9",1,"cassava_Fertilizer","cassava_HgHa"
"442",0.778251456296424,0.683451894783303,"0.9",1,"cassava_Fertilizer","cassava_HgHa"
"443",0.778251456296424,0.696222619701508,"0.9",1,"cassava_Fertilizer","cassava_HgHa"
"444",0.778251456296424,0.708993344619712,"0.9",1,"cassava_Fertilizer","cassava_HgHa"
"445",0.778251456296424,0.721764069537917,"0.9",1,"cassava_Fertilizer","cassava_HgHa"
"446",0.778251456296424,0.734534794456122,"0.9",1,"cassava_Fertilizer","cassava_HgHa"
"447",0.778251456296424,0.747305519374327,"0.9",1,"cassava_Fertilizer","cassava_HgHa"
"448",0.778251456296424,0.760076244292532,"0.9",1,"cassava_Fertilizer","cassava_HgHa"
"449",0.778251456296424,0.772846969210737,"0.9",1,"cassava_Fertilizer","cassava_HgHa"
"450",0.778251456296424,0.785617694128941,"0.9",1,"cassava_Fertilizer","cassava_HgHa"
"451",0.778251456296424,0.798388419047146,"0.9",1,"cassava_Fertilizer","cassava_HgHa"
"452",0.778251456296424,0.811159143965351,"0.9",1,"cassava_Fertilizer","cassava_HgHa"
"453",0.778251456296424,0.823929868883556,"0.9",1,"cassava_Fertilizer","cassava_HgHa"
"454",0.778251456296424,0.836700593801761,"0.9",1,"cassava_Fertilizer","cassava_HgHa"
"455",0.778251456296424,0.849471318719966,"0.9",1,"cassava_Fertilizer","cassava_HgHa"
"456",0.778251456296424,0.86224204363817,"0.9",1,"cassava_Fertilizer","cassava_HgHa"
"457",0.778251456296424,0.875012768556375,"0.9",1,"cassava_Fertilizer","cassava_HgHa"
"458",0.778251456296424,0.88778349347458,"0.9",1,"cassava_Fertilizer","cassava_HgHa"
"459",0.778251456296424,0.900554218392785,"0.9",1,"cassava_Fertilizer","cassava_HgHa"
"460",0.778251456296424,0.91332494331099,"0.9",1,"cassava_Fertilizer","cassava_HgHa"
"461",0.778251456296424,0.926095668229195,"0.9",1,"cassava_Fertilizer","cassava_HgHa"
"462",0.778251456296424,0.9388663931474,"0.9",1,"cassava_Fertilizer","cassava_HgHa"
"463",0.778251456296424,0.951637118065604,"0.9",1,"cassava_Fertilizer","cassava_HgHa"
"464",0.778251456296424,0.964407842983809,"0.9",1,"cassava_Fertilizer","cassava_HgHa"
"465",0.778251456296424,0.977178567902014,"0.9",1,"cassava_Fertilizer","cassava_HgHa"
"466",0.778251456296424,0.989949292820219,"0.9",1,"cassava_Fertilizer","cassava_HgHa"
"467",0.778251456296424,1.00272001773842,"0.9",1,"cassava_Fertilizer","cassava_HgHa"
"468",0.778251456296424,1.01549074265663,"0.9",1,"cassava_Fertilizer","cassava_HgHa"
"469",0.778251456296424,1.02826146757483,"0.9",1,"cassava_Fertilizer","cassava_HgHa"
"470",0.778251456296424,1.04103219249304,"0.9",1,"cassava_Fertilizer","cassava_HgHa"
"471",0.779518729726302,1.05380291741124,"0.9",1,"cassava_Fertilizer","cassava_HgHa"
"472",0.779518729726302,1.06657364232945,"0.9",1,"cassava_Fertilizer","cassava_HgHa"
"473",0.779518729726302,1.07934436724765,"0.9",1,"cassava_Fertilizer","cassava_HgHa"
"474",0.779518729726302,1.09211509216586,"0.9",1,"cassava_Fertilizer","cassava_HgHa"
"475",0.779518729726302,1.10488581708406,"0.9",1,"cassava_Fertilizer","cassava_HgHa"
"476",0.779518729726302,1.11765654200227,"0.9",1,"cassava_Fertilizer","cassava_HgHa"
"477",0.779518729726302,1.13042726692047,"0.9",1,"cassava_Fertilizer","cassava_HgHa"
"478",0.779518729726302,1.14319799183868,"0.9",1,"cassava_Fertilizer","cassava_HgHa"
"479",0.779518729726302,1.15596871675688,"0.9",1,"cassava_Fertilizer","cassava_HgHa"
"480",0.779943295807428,1.16873944167509,"0.9",1,"cassava_Fertilizer","cassava_HgHa"
"481",0.779943295807428,1.18151016659329,"0.9",1,"cassava_Fertilizer","cassava_HgHa"
"482",0.779943295807428,1.1942808915115,"0.9",1,"cassava_Fertilizer","cassava_HgHa"
"483",0.779943295807428,1.2070516164297,"0.9",1,"cassava_Fertilizer","cassava_HgHa"
"484",0.779943295807428,1.21982234134791,"0.9",1,"cassava_Fertilizer","cassava_HgHa"
"485",0.780187846402662,1.23259306626611,"0.9",1,"cassava_Fertilizer","cassava_HgHa"
"486",0.780187846402662,1.24536379118432,"0.9",1,"cassava_Fertilizer","cassava_HgHa"
"487",0.780187846402662,1.25813451610252,"0.9",1,"cassava_Fertilizer","cassava_HgHa"
"488",0.780187846402662,1.27090524102073,"0.9",1,"cassava_Fertilizer","cassava_HgHa"
"489",0.780187846402662,1.28367596593893,"0.9",1,"cassava_Fertilizer","cassava_HgHa"
"490",0.780187846402662,1.29644669085714,"0.9",1,"cassava_Fertilizer","cassava_HgHa"
"491",0.780187846402662,1.30921741577534,"0.9",1,"cassava_Fertilizer","cassava_HgHa"
"492",0.780187846402662,1.32198814069354,"0.9",1,"cassava_Fertilizer","cassava_HgHa"
"493",0.781428076797638,1.33475886561175,"0.9",1,"cassava_Fertilizer","cassava_HgHa"
"494",0.781428076797638,1.34752959052995,"0.9",1,"cassava_Fertilizer","cassava_HgHa"
"495",0.781350995801642,1.36030031544816,"0.9",1,"cassava_Fertilizer","cassava_HgHa"
"496",0.781350995801642,1.37307104036636,"0.9",1,"cassava_Fertilizer","cassava_HgHa"
"497",0.781350995801642,1.38584176528457,"0.9",1,"cassava_Fertilizer","cassava_HgHa"
"498",0.781350995801642,1.39861249020277,"0.9",1,"cassava_Fertilizer","cassava_HgHa"
"499",0.781350995801642,1.41138321512098,"0.9",1,"cassava_Fertilizer","cassava_HgHa"
"500",0.781350995801642,1.42415394003918,"0.9",1,"cassava_Fertilizer","cassava_HgHa"
"501",0.781350995801642,1.43692466495739,"0.9",1,"cassava_Fertilizer","cassava_HgHa"
"502",0.781350995801642,1.44969538987559,"0.9",1,"cassava_Fertilizer","cassava_HgHa"
"503",0.781350995801642,1.4624661147938,"0.9",1,"cassava_Fertilizer","cassava_HgHa"
"504",0.781350995801642,1.475236839712,"0.9",1,"cassava_Fertilizer","cassava_HgHa"
"505",0.781350995801642,1.48800756463021,"0.9",1,"cassava_Fertilizer","cassava_HgHa"
"506",0.782555840172192,1.50077828954841,"0.9",1,"cassava_Fertilizer","cassava_HgHa"
"507",0.782131941162148,1.51354901446662,"0.9",1,"cassava_Fertilizer","cassava_HgHa"
"508",0.782974960532533,1.52631973938482,"0.9",1,"cassava_Fertilizer","cassava_HgHa"
"509",0.782974960532533,1.53909046430303,"0.9",1,"cassava_Fertilizer","cassava_HgHa"
"510",0.784737478382727,1.55186118922123,"0.9",1,"cassava_Fertilizer","cassava_HgHa"
"511",0.784737478382727,1.56463191413944,"0.9",1,"cassava_Fertilizer","cassava_HgHa"
"512",0.784737478382727,1.57740263905764,"0.9",1,"cassava_Fertilizer","cassava_HgHa"
"513",0.786183605932652,1.59017336397585,"0.9",1,"cassava_Fertilizer","cassava_HgHa"
"514",0.786183605932652,1.60294408889405,"0.9",1,"cassava_Fertilizer","cassava_HgHa"
"515",0.789312993479949,1.61571481381226,"0.9",1,"cassava_Fertilizer","cassava_HgHa"
"516",0.789312993479949,1.62848553873046,"0.9",1,"cassava_Fertilizer","cassava_HgHa"
"517",0.789312993479949,1.64125626364867,"0.9",1,"cassava_Fertilizer","cassava_HgHa"
"518",0.788976623121049,1.65402698856687,"0.9",1,"cassava_Fertilizer","cassava_HgHa"
"519",0.788976623121049,1.66679771348508,"0.9",1,"cassava_Fertilizer","cassava_HgHa"
"520",0.788976623121049,1.67956843840328,"0.9",1,"cassava_Fertilizer","cassava_HgHa"
"521",0.788976623121049,1.69233916332149,"0.9",1,"cassava_Fertilizer","cassava_HgHa"
"522",0.788477974781257,1.70510988823969,"0.9",1,"cassava_Fertilizer","cassava_HgHa"
"523",0.78926640505318,1.71788061315789,"0.9",1,"cassava_Fertilizer","cassava_HgHa"
"524",0.790170955025083,1.7306513380761,"0.9",1,"cassava_Fertilizer","cassava_HgHa"
"525",0.790362232081666,1.7434220629943,"0.9",1,"cassava_Fertilizer","cassava_HgHa"
"526",0.790362232081666,1.75619278791251,"0.9",1,"cassava_Fertilizer","cassava_HgHa"
"527",0.790786214498986,1.76896351283071,"0.9",1,"cassava_Fertilizer","cassava_HgHa"
"528",0.791005844200395,1.78173423774892,"0.9",1,"cassava_Fertilizer","cassava_HgHa"
"529",0.794271824324198,1.79450496266712,"0.9",1,"cassava_Fertilizer","cassava_HgHa"
"530",0.794607100818595,1.80727568758533,"0.9",1,"cassava_Fertilizer","cassava_HgHa"
"531",0.793756120337216,1.82004641250353,"0.9",1,"cassava_Fertilizer","cassava_HgHa"
"532",0.793825095249167,1.83281713742174,"0.9",1,"cassava_Fertilizer","cassava_HgHa"
"533",0.795129021287669,1.84558786233994,"0.9",1,"cassava_Fertilizer","cassava_HgHa"
"534",0.795039283282434,1.85835858725815,"0.9",1,"cassava_Fertilizer","cassava_HgHa"
"535",0.79467621706908,1.87112931217635,"0.9",1,"cassava_Fertilizer","cassava_HgHa"
"536",0.794092578499992,1.88390003709456,"0.9",1,"cassava_Fertilizer","cassava_HgHa"
"537",0.798122033452841,1.89667076201276,"0.9",1,"cassava_Fertilizer","cassava_HgHa"
"538",0.80684450730338,1.90944148693097,"0.9",1,"cassava_Fertilizer","cassava_HgHa"
"539",0.821188772307504,1.92221221184917,"0.9",1,"cassava_Fertilizer","cassava_HgHa"
"540",0.821179079280396,1.93498293676738,"0.9",1,"cassava_Fertilizer","cassava_HgHa"
"541",0.822267660936475,1.94775366168558,"0.9",1,"cassava_Fertilizer","cassava_HgHa"
"542",0.822267660936475,1.96052438660379,"0.9",1,"cassava_Fertilizer","cassava_HgHa"
"543",0.822267660936475,1.97329511152199,"0.9",1,"cassava_Fertilizer","cassava_HgHa"
"544",0.822356059772833,1.9860658364402,"0.9",1,"cassava_Fertilizer","cassava_HgHa"
"545",0.822304622175572,1.9988365613584,"0.9",1,"cassava_Fertilizer","cassava_HgHa"
"546",0.822407669685432,2.01160728627661,"0.9",1,"cassava_Fertilizer","cassava_HgHa"
"547",0.823060448118337,2.02437801119481,"0.9",1,"cassava_Fertilizer","cassava_HgHa"
"548",0.82351858239202,2.03714873611302,"0.9",1,"cassava_Fertilizer","cassava_HgHa"
"549",0.82351858239202,2.04991946103122,"0.9",1,"cassava_Fertilizer","cassava_HgHa"
"550",0.82351858239202,2.06269018594943,"0.9",1,"cassava_Fertilizer","cassava_HgHa"
"551",0.82351858239202,2.07546091086763,"0.9",1,"cassava_Fertilizer","cassava_HgHa"
"552",0.823513194063003,2.08823163578584,"0.9",1,"cassava_Fertilizer","cassava_HgHa"
"553",0.823513194063003,2.10100236070404,"0.9",1,"cassava_Fertilizer","cassava_HgHa"
"554",0.823513194063003,2.11377308562224,"0.9",1,"cassava_Fertilizer","cassava_HgHa"
"555",0.822993125002389,2.12654381054045,"0.9",1,"cassava_Fertilizer","cassava_HgHa"
"556",0.822993125002389,2.13931453545865,"0.9",1,"cassava_Fertilizer","cassava_HgHa"
"557",0.8229667325021,2.15208526037686,"0.9",1,"cassava_Fertilizer","cassava_HgHa"
"558",0.8229667325021,2.16485598529506,"0.9",1,"cassava_Fertilizer","cassava_HgHa"
"559",0.821114356805813,2.17762671021327,"0.9",1,"cassava_Fertilizer","cassava_HgHa"
"560",0.821114356805813,2.19039743513147,"0.9",1,"cassava_Fertilizer","cassava_HgHa"
"561",0.821114356805813,2.20316816004968,"0.9",1,"cassava_Fertilizer","cassava_HgHa"
"562",0.821114356805813,2.21593888496788,"0.9",1,"cassava_Fertilizer","cassava_HgHa"
"563",0.821114356805813,2.22870960988609,"0.9",1,"cassava_Fertilizer","cassava_HgHa"
"564",0.821114356805813,2.24148033480429,"0.9",1,"cassava_Fertilizer","cassava_HgHa"
"565",0.821114356805813,2.2542510597225,"0.9",1,"cassava_Fertilizer","cassava_HgHa"
"566",0.821114356805813,2.2670217846407,"0.9",1,"cassava_Fertilizer","cassava_HgHa"
"567",0.821114356805813,2.27979250955891,"0.9",1,"cassava_Fertilizer","cassava_HgHa"
"568",0.821114356805813,2.29256323447711,"0.9",1,"cassava_Fertilizer","cassava_HgHa"
"569",0.821114356805813,2.30533395939532,"0.9",1,"cassava_Fertilizer","cassava_HgHa"
"570",0.821114356805813,2.31810468431352,"0.9",1,"cassava_Fertilizer","cassava_HgHa"
"571",0.821114356805813,2.33087540923173,"0.9",1,"cassava_Fertilizer","cassava_HgHa"
"572",0.821114356805813,2.34364613414993,"0.9",1,"cassava_Fertilizer","cassava_HgHa"
"573",0.821114356805813,2.35641685906814,"0.9",1,"cassava_Fertilizer","cassava_HgHa"
"574",0.821114356805813,2.36918758398634,"0.9",1,"cassava_Fertilizer","cassava_HgHa"
"575",0.821114356805813,2.38195830890455,"0.9",1,"cassava_Fertilizer","cassava_HgHa"
"576",0.821114356805813,2.39472903382275,"0.9",1,"cassava_Fertilizer","cassava_HgHa"
"577",0.819928360112857,2.40749975874096,"0.9",1,"cassava_Fertilizer","cassava_HgHa"
"578",0.819928360112857,2.42027048365916,"0.9",1,"cassava_Fertilizer","cassava_HgHa"
"579",0.819928360112857,2.43304120857737,"0.9",1,"cassava_Fertilizer","cassava_HgHa"
"580",0.819928360112857,2.44581193349557,"0.9",1,"cassava_Fertilizer","cassava_HgHa"
"581",0.819928360112857,2.45858265841378,"0.9",1,"cassava_Fertilizer","cassava_HgHa"
"582",0.819928360112857,2.47135338333198,"0.9",1,"cassava_Fertilizer","cassava_HgHa"
"583",0.81908504911556,2.48412410825019,"0.9",1,"cassava_Fertilizer","cassava_HgHa"
"584",0.814469576373229,2.49689483316839,"0.9",1,"cassava_Fertilizer","cassava_HgHa"
"585",0.814469576373229,2.5096655580866,"0.9",1,"cassava_Fertilizer","cassava_HgHa"
"586",0.814469576373229,2.5224362830048,"0.9",1,"cassava_Fertilizer","cassava_HgHa"
"587",0.814049435968689,2.535207007923,"0.9",1,"cassava_Fertilizer","cassava_HgHa"
"588",0.814049435968689,2.54797773284121,"0.9",1,"cassava_Fertilizer","cassava_HgHa"
"589",0.814049435968689,2.56074845775941,"0.9",1,"cassava_Fertilizer","cassava_HgHa"
"590",0.814049435968689,2.57351918267762,"0.9",1,"cassava_Fertilizer","cassava_HgHa"
"591",0.807597467487472,2.58628990759582,"0.9",1,"cassava_Fertilizer","cassava_HgHa"
"592",0.807597467487472,2.59906063251403,"0.9",1,"cassava_Fertilizer","cassava_HgHa"
"593",0.80596961857465,2.61183135743223,"0.9",1,"cassava_Fertilizer","cassava_HgHa"
"594",0.80596961857465,2.62460208235044,"0.9",1,"cassava_Fertilizer","cassava_HgHa"
"595",0.80596961857465,2.63737280726864,"0.9",1,"cassava_Fertilizer","cassava_HgHa"
"596",0.80596961857465,2.65014353218685,"0.9",1,"cassava_Fertilizer","cassava_HgHa"
"597",0.80596961857465,2.66291425710505,"0.9",1,"cassava_Fertilizer","cassava_HgHa"
"598",0.80596961857465,2.67568498202326,"0.9",1,"cassava_Fertilizer","cassava_HgHa"
"599",0.80596961857465,2.68845570694146,"0.9",1,"cassava_Fertilizer","cassava_HgHa"
"600",0.80596961857465,2.70122643185967,"0.9",1,"cassava_Fertilizer","cassava_HgHa"
"601",0.871716635163734,0,"0.1",1,"Pesticide","cassava_HgHa"
"602",0.871716635163734,0.0300993851238192,"0.1",1,"Pesticide","cassava_HgHa"
"603",0.871716635163734,0.0601987702476383,"0.1",1,"Pesticide","cassava_HgHa"
"604",0.871716635163734,0.0902981553714575,"0.1",1,"Pesticide","cassava_HgHa"
"605",0.871716635163734,0.120397540495277,"0.1",1,"Pesticide","cassava_HgHa"
"606",0.871716635163734,0.150496925619096,"0.1",1,"Pesticide","cassava_HgHa"
"607",0.871716635163734,0.180596310742915,"0.1",1,"Pesticide","cassava_HgHa"
"608",0.871716635163734,0.210695695866734,"0.1",1,"Pesticide","cassava_HgHa"
"609",0.871716635163734,0.240795080990553,"0.1",1,"Pesticide","cassava_HgHa"
"610",0.871716635163734,0.270894466114373,"0.1",1,"Pesticide","cassava_HgHa"
"611",0.871716635163734,0.300993851238192,"0.1",1,"Pesticide","cassava_HgHa"
"612",0.871716635163734,0.331093236362011,"0.1",1,"Pesticide","cassava_HgHa"
"613",0.871716635163734,0.36119262148583,"0.1",1,"Pesticide","cassava_HgHa"
"614",0.871716635163734,0.391292006609649,"0.1",1,"Pesticide","cassava_HgHa"
"615",0.871716635163734,0.421391391733468,"0.1",1,"Pesticide","cassava_HgHa"
"616",0.871716635163734,0.451490776857288,"0.1",1,"Pesticide","cassava_HgHa"
"617",0.871716635163734,0.481590161981107,"0.1",1,"Pesticide","cassava_HgHa"
"618",0.871716635163734,0.511689547104926,"0.1",1,"Pesticide","cassava_HgHa"
"619",0.871716635163734,0.541788932228745,"0.1",1,"Pesticide","cassava_HgHa"
"620",0.871716635163734,0.571888317352564,"0.1",1,"Pesticide","cassava_HgHa"
"621",0.871716635163734,0.601987702476383,"0.1",1,"Pesticide","cassava_HgHa"
"622",0.871716635163734,0.632087087600203,"0.1",1,"Pesticide","cassava_HgHa"
"623",0.871716635163734,0.662186472724022,"0.1",1,"Pesticide","cassava_HgHa"
"624",0.871716635163734,0.692285857847841,"0.1",1,"Pesticide","cassava_HgHa"
"625",0.871716635163734,0.72238524297166,"0.1",1,"Pesticide","cassava_HgHa"
"626",0.871716635163734,0.752484628095479,"0.1",1,"Pesticide","cassava_HgHa"
"627",0.871716635163734,0.782584013219298,"0.1",1,"Pesticide","cassava_HgHa"
"628",0.871716635163734,0.812683398343118,"0.1",1,"Pesticide","cassava_HgHa"
"629",0.871716635163734,0.842782783466937,"0.1",1,"Pesticide","cassava_HgHa"
"630",0.871716635163734,0.872882168590756,"0.1",1,"Pesticide","cassava_HgHa"
"631",0.871716635163734,0.902981553714575,"0.1",1,"Pesticide","cassava_HgHa"
"632",0.871716635163734,0.933080938838394,"0.1",1,"Pesticide","cassava_HgHa"
"633",0.871716635163734,0.963180323962213,"0.1",1,"Pesticide","cassava_HgHa"
"634",0.871716635163734,0.993279709086033,"0.1",1,"Pesticide","cassava_HgHa"
"635",0.871716635163734,1.02337909420985,"0.1",1,"Pesticide","cassava_HgHa"
"636",0.871716635163734,1.05347847933367,"0.1",1,"Pesticide","cassava_HgHa"
"637",0.871716635163734,1.08357786445749,"0.1",1,"Pesticide","cassava_HgHa"
"638",0.871716635163734,1.11367724958131,"0.1",1,"Pesticide","cassava_HgHa"
"639",0.871716635163734,1.14377663470513,"0.1",1,"Pesticide","cassava_HgHa"
"640",0.871716635163734,1.17387601982895,"0.1",1,"Pesticide","cassava_HgHa"
"641",0.871716635163734,1.20397540495277,"0.1",1,"Pesticide","cassava_HgHa"
"642",0.871716635163734,1.23407479007659,"0.1",1,"Pesticide","cassava_HgHa"
"643",0.871716635163734,1.26417417520041,"0.1",1,"Pesticide","cassava_HgHa"
"644",0.871716635163734,1.29427356032422,"0.1",1,"Pesticide","cassava_HgHa"
"645",0.871716635163734,1.32437294544804,"0.1",1,"Pesticide","cassava_HgHa"
"646",0.871716635163734,1.35447233057186,"0.1",1,"Pesticide","cassava_HgHa"
"647",0.871716635163734,1.38457171569568,"0.1",1,"Pesticide","cassava_HgHa"
"648",0.871716635163734,1.4146711008195,"0.1",1,"Pesticide","cassava_HgHa"
"649",0.871716635163734,1.44477048594332,"0.1",1,"Pesticide","cassava_HgHa"
"650",0.871716635163734,1.47486987106714,"0.1",1,"Pesticide","cassava_HgHa"
"651",0.871716635163734,1.50496925619096,"0.1",1,"Pesticide","cassava_HgHa"
"652",0.871716635163734,1.53506864131478,"0.1",1,"Pesticide","cassava_HgHa"
"653",0.871716635163734,1.5651680264386,"0.1",1,"Pesticide","cassava_HgHa"
"654",0.871716635163734,1.59526741156242,"0.1",1,"Pesticide","cassava_HgHa"
"655",0.871716635163734,1.62536679668624,"0.1",1,"Pesticide","cassava_HgHa"
"656",0.871716635163734,1.65546618181005,"0.1",1,"Pesticide","cassava_HgHa"
"657",0.871716635163734,1.68556556693387,"0.1",1,"Pesticide","cassava_HgHa"
"658",0.871716635163734,1.71566495205769,"0.1",1,"Pesticide","cassava_HgHa"
"659",0.871716635163734,1.74576433718151,"0.1",1,"Pesticide","cassava_HgHa"
"660",0.871716635163734,1.77586372230533,"0.1",1,"Pesticide","cassava_HgHa"
"661",0.871716635163734,1.80596310742915,"0.1",1,"Pesticide","cassava_HgHa"
"662",0.871716635163734,1.83606249255297,"0.1",1,"Pesticide","cassava_HgHa"
"663",0.871716635163734,1.86616187767679,"0.1",1,"Pesticide","cassava_HgHa"
"664",0.871716635163734,1.89626126280061,"0.1",1,"Pesticide","cassava_HgHa"
"665",0.871716635163734,1.92636064792443,"0.1",1,"Pesticide","cassava_HgHa"
"666",0.871716635163734,1.95646003304825,"0.1",1,"Pesticide","cassava_HgHa"
"667",0.871716635163734,1.98655941817207,"0.1",1,"Pesticide","cassava_HgHa"
"668",0.871716635163734,2.01665880329588,"0.1",1,"Pesticide","cassava_HgHa"
"669",0.871716635163734,2.0467581884197,"0.1",1,"Pesticide","cassava_HgHa"
"670",0.871716635163734,2.07685757354352,"0.1",1,"Pesticide","cassava_HgHa"
"671",0.871716635163734,2.10695695866734,"0.1",1,"Pesticide","cassava_HgHa"
"672",0.871716635163734,2.13705634379116,"0.1",1,"Pesticide","cassava_HgHa"
"673",0.871716635163734,2.16715572891498,"0.1",1,"Pesticide","cassava_HgHa"
"674",0.871716635163734,2.1972551140388,"0.1",1,"Pesticide","cassava_HgHa"
"675",0.871716635163734,2.22735449916262,"0.1",1,"Pesticide","cassava_HgHa"
"676",0.871716635163734,2.25745388428644,"0.1",1,"Pesticide","cassava_HgHa"
"677",0.871716635163734,2.28755326941026,"0.1",1,"Pesticide","cassava_HgHa"
"678",0.871716635163734,2.31765265453408,"0.1",1,"Pesticide","cassava_HgHa"
"679",0.871716635163734,2.3477520396579,"0.1",1,"Pesticide","cassava_HgHa"
"680",0.871716635163734,2.37785142478171,"0.1",1,"Pesticide","cassava_HgHa"
"681",0.871716635163734,2.40795080990553,"0.1",1,"Pesticide","cassava_HgHa"
"682",0.871716635163734,2.43805019502935,"0.1",1,"Pesticide","cassava_HgHa"
"683",0.871716635163734,2.46814958015317,"0.1",1,"Pesticide","cassava_HgHa"
"684",0.871716635163734,2.49824896527699,"0.1",1,"Pesticide","cassava_HgHa"
"685",0.871716635163734,2.52834835040081,"0.1",1,"Pesticide","cassava_HgHa"
"686",0.871716635163734,2.55844773552463,"0.1",1,"Pesticide","cassava_HgHa"
"687",0.871716635163734,2.58854712064845,"0.1",1,"Pesticide","cassava_HgHa"
"688",0.871716635163734,2.61864650577227,"0.1",1,"Pesticide","cassava_HgHa"
"689",0.871716635163734,2.64874589089609,"0.1",1,"Pesticide","cassava_HgHa"
"690",0.871716635163734,2.67884527601991,"0.1",1,"Pesticide","cassava_HgHa"
"691",0.871716635163734,2.70894466114373,"0.1",1,"Pesticide","cassava_HgHa"
"692",0.871716635163734,2.73904404626754,"0.1",1,"Pesticide","cassava_HgHa"
"693",0.871716635163734,2.76914343139136,"0.1",1,"Pesticide","cassava_HgHa"
"694",0.871716635163734,2.79924281651518,"0.1",1,"Pesticide","cassava_HgHa"
"695",0.871716635163734,2.829342201639,"0.1",1,"Pesticide","cassava_HgHa"
"696",0.871716635163734,2.85944158676282,"0.1",1,"Pesticide","cassava_HgHa"
"697",0.871716635163734,2.88954097188664,"0.1",1,"Pesticide","cassava_HgHa"
"698",0.871716635163734,2.91964035701046,"0.1",1,"Pesticide","cassava_HgHa"
"699",0.871716635163734,2.94973974213428,"0.1",1,"Pesticide","cassava_HgHa"
"700",0.871716635163734,2.9798391272581,"0.1",1,"Pesticide","cassava_HgHa"
"701",0.871716635163734,3.00993851238192,"0.1",1,"Pesticide","cassava_HgHa"
"702",0.871716635163734,3.04003789750574,"0.1",1,"Pesticide","cassava_HgHa"
"703",0.871716635163734,3.07013728262956,"0.1",1,"Pesticide","cassava_HgHa"
"704",0.871716635163734,3.10023666775337,"0.1",1,"Pesticide","cassava_HgHa"
"705",0.871716635163734,3.13033605287719,"0.1",1,"Pesticide","cassava_HgHa"
"706",0.871716635163734,3.16043543800101,"0.1",1,"Pesticide","cassava_HgHa"
"707",0.871716635163734,3.19053482312483,"0.1",1,"Pesticide","cassava_HgHa"
"708",0.871716635163734,3.22063420824865,"0.1",1,"Pesticide","cassava_HgHa"
"709",0.871716635163734,3.25073359337247,"0.1",1,"Pesticide","cassava_HgHa"
"710",0.87067161978298,3.28083297849629,"0.1",1,"Pesticide","cassava_HgHa"
"711",0.87067161978298,3.31093236362011,"0.1",1,"Pesticide","cassava_HgHa"
"712",0.87067161978298,3.34103174874393,"0.1",1,"Pesticide","cassava_HgHa"
"713",0.87067161978298,3.37113113386775,"0.1",1,"Pesticide","cassava_HgHa"
"714",0.87067161978298,3.40123051899157,"0.1",1,"Pesticide","cassava_HgHa"
"715",0.87067161978298,3.43132990411539,"0.1",1,"Pesticide","cassava_HgHa"
"716",0.87067161978298,3.4614292892392,"0.1",1,"Pesticide","cassava_HgHa"
"717",0.87067161978298,3.49152867436302,"0.1",1,"Pesticide","cassava_HgHa"
"718",0.87067161978298,3.52162805948684,"0.1",1,"Pesticide","cassava_HgHa"
"719",0.87067161978298,3.55172744461066,"0.1",1,"Pesticide","cassava_HgHa"
"720",0.87067161978298,3.58182682973448,"0.1",1,"Pesticide","cassava_HgHa"
"721",0.87067161978298,3.6119262148583,"0.1",1,"Pesticide","cassava_HgHa"
"722",0.87067161978298,3.64202559998212,"0.1",1,"Pesticide","cassava_HgHa"
"723",0.87067161978298,3.67212498510594,"0.1",1,"Pesticide","cassava_HgHa"
"724",0.87067161978298,3.70222437022976,"0.1",1,"Pesticide","cassava_HgHa"
"725",0.87067161978298,3.73232375535358,"0.1",1,"Pesticide","cassava_HgHa"
"726",0.87067161978298,3.7624231404774,"0.1",1,"Pesticide","cassava_HgHa"
"727",0.87067161978298,3.79252252560122,"0.1",1,"Pesticide","cassava_HgHa"
"728",0.87067161978298,3.82262191072503,"0.1",1,"Pesticide","cassava_HgHa"
"729",0.87067161978298,3.85272129584885,"0.1",1,"Pesticide","cassava_HgHa"
"730",0.87067161978298,3.88282068097267,"0.1",1,"Pesticide","cassava_HgHa"
"731",0.87067161978298,3.91292006609649,"0.1",1,"Pesticide","cassava_HgHa"
"732",0.87067161978298,3.94301945122031,"0.1",1,"Pesticide","cassava_HgHa"
"733",0.87067161978298,3.97311883634413,"0.1",1,"Pesticide","cassava_HgHa"
"734",0.87067161978298,4.00321822146795,"0.1",1,"Pesticide","cassava_HgHa"
"735",0.87067161978298,4.03331760659177,"0.1",1,"Pesticide","cassava_HgHa"
"736",0.87067161978298,4.06341699171559,"0.1",1,"Pesticide","cassava_HgHa"
"737",0.87067161978298,4.09351637683941,"0.1",1,"Pesticide","cassava_HgHa"
"738",0.87067161978298,4.12361576196323,"0.1",1,"Pesticide","cassava_HgHa"
"739",0.87067161978298,4.15371514708705,"0.1",1,"Pesticide","cassava_HgHa"
"740",0.87067161978298,4.18381453221086,"0.1",1,"Pesticide","cassava_HgHa"
"741",0.87067161978298,4.21391391733468,"0.1",1,"Pesticide","cassava_HgHa"
"742",0.87067161978298,4.2440133024585,"0.1",1,"Pesticide","cassava_HgHa"
"743",0.87067161978298,4.27411268758232,"0.1",1,"Pesticide","cassava_HgHa"
"744",0.87067161978298,4.30421207270614,"0.1",1,"Pesticide","cassava_HgHa"
"745",0.871466593747877,4.33431145782996,"0.1",1,"Pesticide","cassava_HgHa"
"746",0.871466593747877,4.36441084295378,"0.1",1,"Pesticide","cassava_HgHa"
"747",0.871466593747877,4.3945102280776,"0.1",1,"Pesticide","cassava_HgHa"
"748",0.871466593747877,4.42460961320142,"0.1",1,"Pesticide","cassava_HgHa"
"749",0.871466593747877,4.45470899832524,"0.1",1,"Pesticide","cassava_HgHa"
"750",0.871466593747877,4.48480838344906,"0.1",1,"Pesticide","cassava_HgHa"
"751",0.871466593747877,4.51490776857288,"0.1",1,"Pesticide","cassava_HgHa"
"752",0.871466593747877,4.54500715369669,"0.1",1,"Pesticide","cassava_HgHa"
"753",0.871466593747877,4.57510653882051,"0.1",1,"Pesticide","cassava_HgHa"
"754",0.871466593747877,4.60520592394433,"0.1",1,"Pesticide","cassava_HgHa"
"755",0.871466593747877,4.63530530906815,"0.1",1,"Pesticide","cassava_HgHa"
"756",0.871466593747877,4.66540469419197,"0.1",1,"Pesticide","cassava_HgHa"
"757",0.871466593747877,4.69550407931579,"0.1",1,"Pesticide","cassava_HgHa"
"758",0.871198427870657,4.72560346443961,"0.1",1,"Pesticide","cassava_HgHa"
"759",0.871198427870657,4.75570284956343,"0.1",1,"Pesticide","cassava_HgHa"
"760",0.871198427870657,4.78580223468725,"0.1",1,"Pesticide","cassava_HgHa"
"761",0.871198427870657,4.81590161981107,"0.1",1,"Pesticide","cassava_HgHa"
"762",0.871198427870657,4.84600100493489,"0.1",1,"Pesticide","cassava_HgHa"
"763",0.871198427870657,4.87610039005871,"0.1",1,"Pesticide","cassava_HgHa"
"764",0.871198427870657,4.90619977518252,"0.1",1,"Pesticide","cassava_HgHa"
"765",0.871192438172864,4.93629916030634,"0.1",1,"Pesticide","cassava_HgHa"
"766",0.871192438172864,4.96639854543016,"0.1",1,"Pesticide","cassava_HgHa"
"767",0.870438681993617,4.99649793055398,"0.1",1,"Pesticide","cassava_HgHa"
"768",0.870438681993617,5.0265973156778,"0.1",1,"Pesticide","cassava_HgHa"
"769",0.866571138913364,5.05669670080162,"0.1",1,"Pesticide","cassava_HgHa"
"770",0.866571138913364,5.08679608592544,"0.1",1,"Pesticide","cassava_HgHa"
"771",0.866571138913364,5.11689547104926,"0.1",1,"Pesticide","cassava_HgHa"
"772",0.866571138913364,5.14699485617308,"0.1",1,"Pesticide","cassava_HgHa"
"773",0.866571138913364,5.1770942412969,"0.1",1,"Pesticide","cassava_HgHa"
"774",0.866055777752118,5.20719362642072,"0.1",1,"Pesticide","cassava_HgHa"
"775",0.866055777752118,5.23729301154454,"0.1",1,"Pesticide","cassava_HgHa"
"776",0.866055777752118,5.26739239666835,"0.1",1,"Pesticide","cassava_HgHa"
"777",0.866055777752118,5.29749178179217,"0.1",1,"Pesticide","cassava_HgHa"
"778",0.8645568821633,5.32759116691599,"0.1",1,"Pesticide","cassava_HgHa"
"779",0.863407529692437,5.35769055203981,"0.1",1,"Pesticide","cassava_HgHa"
"780",0.863407529692437,5.38778993716363,"0.1",1,"Pesticide","cassava_HgHa"
"781",0.863407529692437,5.41788932228745,"0.1",1,"Pesticide","cassava_HgHa"
"782",0.863407529692437,5.44798870741127,"0.1",1,"Pesticide","cassava_HgHa"
"783",0.863407529692437,5.47808809253509,"0.1",1,"Pesticide","cassava_HgHa"
"784",0.863407529692437,5.50818747765891,"0.1",1,"Pesticide","cassava_HgHa"
"785",0.863407529692437,5.53828686278273,"0.1",1,"Pesticide","cassava_HgHa"
"786",0.863407529692437,5.56838624790655,"0.1",1,"Pesticide","cassava_HgHa"
"787",0.863407529692437,5.59848563303037,"0.1",1,"Pesticide","cassava_HgHa"
"788",0.863407529692437,5.62858501815418,"0.1",1,"Pesticide","cassava_HgHa"
"789",0.863407529692437,5.658684403278,"0.1",1,"Pesticide","cassava_HgHa"
"790",0.863407529692437,5.68878378840182,"0.1",1,"Pesticide","cassava_HgHa"
"791",0.863407529692437,5.71888317352564,"0.1",1,"Pesticide","cassava_HgHa"
"792",0.862981107602588,5.74898255864946,"0.1",1,"Pesticide","cassava_HgHa"
"793",0.862981107602588,5.77908194377328,"0.1",1,"Pesticide","cassava_HgHa"
"794",0.862981107602588,5.8091813288971,"0.1",1,"Pesticide","cassava_HgHa"
"795",0.86311793172369,5.83928071402092,"0.1",1,"Pesticide","cassava_HgHa"
"796",0.86311793172369,5.86938009914474,"0.1",1,"Pesticide","cassava_HgHa"
"797",0.869800524162335,5.89947948426856,"0.1",1,"Pesticide","cassava_HgHa"
"798",0.869800524162335,5.92957886939238,"0.1",1,"Pesticide","cassava_HgHa"
"799",0.869800524162335,5.9596782545162,"0.1",1,"Pesticide","cassava_HgHa"
"800",0.869800524162335,5.98977763964001,"0.1",1,"Pesticide","cassava_HgHa"
"801",0.84806203465028,0,"0.5",1,"Pesticide","cassava_HgHa"
"802",0.84806203465028,0.0300993851238192,"0.5",1,"Pesticide","cassava_HgHa"
"803",0.84806203465028,0.0601987702476383,"0.5",1,"Pesticide","cassava_HgHa"
"804",0.84806203465028,0.0902981553714575,"0.5",1,"Pesticide","cassava_HgHa"
"805",0.84806203465028,0.120397540495277,"0.5",1,"Pesticide","cassava_HgHa"
"806",0.84806203465028,0.150496925619096,"0.5",1,"Pesticide","cassava_HgHa"
"807",0.84806203465028,0.180596310742915,"0.5",1,"Pesticide","cassava_HgHa"
"808",0.84806203465028,0.210695695866734,"0.5",1,"Pesticide","cassava_HgHa"
"809",0.84806203465028,0.240795080990553,"0.5",1,"Pesticide","cassava_HgHa"
"810",0.84806203465028,0.270894466114373,"0.5",1,"Pesticide","cassava_HgHa"
"811",0.84806203465028,0.300993851238192,"0.5",1,"Pesticide","cassava_HgHa"
"812",0.84806203465028,0.331093236362011,"0.5",1,"Pesticide","cassava_HgHa"
"813",0.84806203465028,0.36119262148583,"0.5",1,"Pesticide","cassava_HgHa"
"814",0.84806203465028,0.391292006609649,"0.5",1,"Pesticide","cassava_HgHa"
"815",0.84806203465028,0.421391391733468,"0.5",1,"Pesticide","cassava_HgHa"
"816",0.84806203465028,0.451490776857288,"0.5",1,"Pesticide","cassava_HgHa"
"817",0.84806203465028,0.481590161981107,"0.5",1,"Pesticide","cassava_HgHa"
"818",0.84806203465028,0.511689547104926,"0.5",1,"Pesticide","cassava_HgHa"
"819",0.84806203465028,0.541788932228745,"0.5",1,"Pesticide","cassava_HgHa"
"820",0.84806203465028,0.571888317352564,"0.5",1,"Pesticide","cassava_HgHa"
"821",0.84806203465028,0.601987702476383,"0.5",1,"Pesticide","cassava_HgHa"
"822",0.84806203465028,0.632087087600203,"0.5",1,"Pesticide","cassava_HgHa"
"823",0.84806203465028,0.662186472724022,"0.5",1,"Pesticide","cassava_HgHa"
"824",0.84806203465028,0.692285857847841,"0.5",1,"Pesticide","cassava_HgHa"
"825",0.84806203465028,0.72238524297166,"0.5",1,"Pesticide","cassava_HgHa"
"826",0.84806203465028,0.752484628095479,"0.5",1,"Pesticide","cassava_HgHa"
"827",0.84806203465028,0.782584013219298,"0.5",1,"Pesticide","cassava_HgHa"
"828",0.84806203465028,0.812683398343118,"0.5",1,"Pesticide","cassava_HgHa"
"829",0.84806203465028,0.842782783466937,"0.5",1,"Pesticide","cassava_HgHa"
"830",0.84806203465028,0.872882168590756,"0.5",1,"Pesticide","cassava_HgHa"
"831",0.84806203465028,0.902981553714575,"0.5",1,"Pesticide","cassava_HgHa"
"832",0.84806203465028,0.933080938838394,"0.5",1,"Pesticide","cassava_HgHa"
"833",0.84806203465028,0.963180323962213,"0.5",1,"Pesticide","cassava_HgHa"
"834",0.84806203465028,0.993279709086033,"0.5",1,"Pesticide","cassava_HgHa"
"835",0.84806203465028,1.02337909420985,"0.5",1,"Pesticide","cassava_HgHa"
"836",0.84806203465028,1.05347847933367,"0.5",1,"Pesticide","cassava_HgHa"
"837",0.84806203465028,1.08357786445749,"0.5",1,"Pesticide","cassava_HgHa"
"838",0.84806203465028,1.11367724958131,"0.5",1,"Pesticide","cassava_HgHa"
"839",0.84806203465028,1.14377663470513,"0.5",1,"Pesticide","cassava_HgHa"
"840",0.84806203465028,1.17387601982895,"0.5",1,"Pesticide","cassava_HgHa"
"841",0.84806203465028,1.20397540495277,"0.5",1,"Pesticide","cassava_HgHa"
"842",0.84806203465028,1.23407479007659,"0.5",1,"Pesticide","cassava_HgHa"
"843",0.84806203465028,1.26417417520041,"0.5",1,"Pesticide","cassava_HgHa"
"844",0.84806203465028,1.29427356032422,"0.5",1,"Pesticide","cassava_HgHa"
"845",0.84806203465028,1.32437294544804,"0.5",1,"Pesticide","cassava_HgHa"
"846",0.84806203465028,1.35447233057186,"0.5",1,"Pesticide","cassava_HgHa"
"847",0.84806203465028,1.38457171569568,"0.5",1,"Pesticide","cassava_HgHa"
"848",0.84806203465028,1.4146711008195,"0.5",1,"Pesticide","cassava_HgHa"
"849",0.84806203465028,1.44477048594332,"0.5",1,"Pesticide","cassava_HgHa"
"850",0.84806203465028,1.47486987106714,"0.5",1,"Pesticide","cassava_HgHa"
"851",0.84806203465028,1.50496925619096,"0.5",1,"Pesticide","cassava_HgHa"
"852",0.84806203465028,1.53506864131478,"0.5",1,"Pesticide","cassava_HgHa"
"853",0.84806203465028,1.5651680264386,"0.5",1,"Pesticide","cassava_HgHa"
"854",0.84806203465028,1.59526741156242,"0.5",1,"Pesticide","cassava_HgHa"
"855",0.84806203465028,1.62536679668624,"0.5",1,"Pesticide","cassava_HgHa"
"856",0.84806203465028,1.65546618181005,"0.5",1,"Pesticide","cassava_HgHa"
"857",0.84806203465028,1.68556556693387,"0.5",1,"Pesticide","cassava_HgHa"
"858",0.84806203465028,1.71566495205769,"0.5",1,"Pesticide","cassava_HgHa"
"859",0.84806203465028,1.74576433718151,"0.5",1,"Pesticide","cassava_HgHa"
"860",0.84806203465028,1.77586372230533,"0.5",1,"Pesticide","cassava_HgHa"
"861",0.84806203465028,1.80596310742915,"0.5",1,"Pesticide","cassava_HgHa"
"862",0.84806203465028,1.83606249255297,"0.5",1,"Pesticide","cassava_HgHa"
"863",0.84806203465028,1.86616187767679,"0.5",1,"Pesticide","cassava_HgHa"
"864",0.84806203465028,1.89626126280061,"0.5",1,"Pesticide","cassava_HgHa"
"865",0.84806203465028,1.92636064792443,"0.5",1,"Pesticide","cassava_HgHa"
"866",0.84806203465028,1.95646003304825,"0.5",1,"Pesticide","cassava_HgHa"
"867",0.84806203465028,1.98655941817207,"0.5",1,"Pesticide","cassava_HgHa"
"868",0.84806203465028,2.01665880329588,"0.5",1,"Pesticide","cassava_HgHa"
"869",0.84806203465028,2.0467581884197,"0.5",1,"Pesticide","cassava_HgHa"
"870",0.84806203465028,2.07685757354352,"0.5",1,"Pesticide","cassava_HgHa"
"871",0.84806203465028,2.10695695866734,"0.5",1,"Pesticide","cassava_HgHa"
"872",0.84806203465028,2.13705634379116,"0.5",1,"Pesticide","cassava_HgHa"
"873",0.84806203465028,2.16715572891498,"0.5",1,"Pesticide","cassava_HgHa"
"874",0.84806203465028,2.1972551140388,"0.5",1,"Pesticide","cassava_HgHa"
"875",0.84806203465028,2.22735449916262,"0.5",1,"Pesticide","cassava_HgHa"
"876",0.84806203465028,2.25745388428644,"0.5",1,"Pesticide","cassava_HgHa"
"877",0.84806203465028,2.28755326941026,"0.5",1,"Pesticide","cassava_HgHa"
"878",0.84806203465028,2.31765265453408,"0.5",1,"Pesticide","cassava_HgHa"
"879",0.84806203465028,2.3477520396579,"0.5",1,"Pesticide","cassava_HgHa"
"880",0.84806203465028,2.37785142478171,"0.5",1,"Pesticide","cassava_HgHa"
"881",0.84806203465028,2.40795080990553,"0.5",1,"Pesticide","cassava_HgHa"
"882",0.84806203465028,2.43805019502935,"0.5",1,"Pesticide","cassava_HgHa"
"883",0.84806203465028,2.46814958015317,"0.5",1,"Pesticide","cassava_HgHa"
"884",0.84806203465028,2.49824896527699,"0.5",1,"Pesticide","cassava_HgHa"
"885",0.84806203465028,2.52834835040081,"0.5",1,"Pesticide","cassava_HgHa"
"886",0.84806203465028,2.55844773552463,"0.5",1,"Pesticide","cassava_HgHa"
"887",0.84806203465028,2.58854712064845,"0.5",1,"Pesticide","cassava_HgHa"
"888",0.84806203465028,2.61864650577227,"0.5",1,"Pesticide","cassava_HgHa"
"889",0.84806203465028,2.64874589089609,"0.5",1,"Pesticide","cassava_HgHa"
"890",0.84806203465028,2.67884527601991,"0.5",1,"Pesticide","cassava_HgHa"
"891",0.84806203465028,2.70894466114373,"0.5",1,"Pesticide","cassava_HgHa"
"892",0.84806203465028,2.73904404626754,"0.5",1,"Pesticide","cassava_HgHa"
"893",0.84806203465028,2.76914343139136,"0.5",1,"Pesticide","cassava_HgHa"
"894",0.84806203465028,2.79924281651518,"0.5",1,"Pesticide","cassava_HgHa"
"895",0.84806203465028,2.829342201639,"0.5",1,"Pesticide","cassava_HgHa"
"896",0.84806203465028,2.85944158676282,"0.5",1,"Pesticide","cassava_HgHa"
"897",0.84806203465028,2.88954097188664,"0.5",1,"Pesticide","cassava_HgHa"
"898",0.84806203465028,2.91964035701046,"0.5",1,"Pesticide","cassava_HgHa"
"899",0.84806203465028,2.94973974213428,"0.5",1,"Pesticide","cassava_HgHa"
"900",0.84806203465028,2.9798391272581,"0.5",1,"Pesticide","cassava_HgHa"
"901",0.84806203465028,3.00993851238192,"0.5",1,"Pesticide","cassava_HgHa"
"902",0.84806203465028,3.04003789750574,"0.5",1,"Pesticide","cassava_HgHa"
"903",0.84806203465028,3.07013728262956,"0.5",1,"Pesticide","cassava_HgHa"
"904",0.84806203465028,3.10023666775337,"0.5",1,"Pesticide","cassava_HgHa"
"905",0.84806203465028,3.13033605287719,"0.5",1,"Pesticide","cassava_HgHa"
"906",0.84806203465028,3.16043543800101,"0.5",1,"Pesticide","cassava_HgHa"
"907",0.84806203465028,3.19053482312483,"0.5",1,"Pesticide","cassava_HgHa"
"908",0.84806203465028,3.22063420824865,"0.5",1,"Pesticide","cassava_HgHa"
"909",0.84806203465028,3.25073359337247,"0.5",1,"Pesticide","cassava_HgHa"
"910",0.847654880799535,3.28083297849629,"0.5",1,"Pesticide","cassava_HgHa"
"911",0.847654880799535,3.31093236362011,"0.5",1,"Pesticide","cassava_HgHa"
"912",0.847654880799535,3.34103174874393,"0.5",1,"Pesticide","cassava_HgHa"
"913",0.847654880799535,3.37113113386775,"0.5",1,"Pesticide","cassava_HgHa"
"914",0.847654880799535,3.40123051899157,"0.5",1,"Pesticide","cassava_HgHa"
"915",0.847654880799535,3.43132990411539,"0.5",1,"Pesticide","cassava_HgHa"
"916",0.847654880799535,3.4614292892392,"0.5",1,"Pesticide","cassava_HgHa"
"917",0.847654880799535,3.49152867436302,"0.5",1,"Pesticide","cassava_HgHa"
"918",0.847654880799535,3.52162805948684,"0.5",1,"Pesticide","cassava_HgHa"
"919",0.847654880799535,3.55172744461066,"0.5",1,"Pesticide","cassava_HgHa"
"920",0.847654880799535,3.58182682973448,"0.5",1,"Pesticide","cassava_HgHa"
"921",0.847654880799535,3.6119262148583,"0.5",1,"Pesticide","cassava_HgHa"
"922",0.847654880799535,3.64202559998212,"0.5",1,"Pesticide","cassava_HgHa"
"923",0.847654880799535,3.67212498510594,"0.5",1,"Pesticide","cassava_HgHa"
"924",0.847654880799535,3.70222437022976,"0.5",1,"Pesticide","cassava_HgHa"
"925",0.847654880799535,3.73232375535358,"0.5",1,"Pesticide","cassava_HgHa"
"926",0.847654880799535,3.7624231404774,"0.5",1,"Pesticide","cassava_HgHa"
"927",0.843115074724549,3.79252252560122,"0.5",1,"Pesticide","cassava_HgHa"
"928",0.843115074724549,3.82262191072503,"0.5",1,"Pesticide","cassava_HgHa"
"929",0.843115074724549,3.85272129584885,"0.5",1,"Pesticide","cassava_HgHa"
"930",0.843115074724549,3.88282068097267,"0.5",1,"Pesticide","cassava_HgHa"
"931",0.843115074724549,3.91292006609649,"0.5",1,"Pesticide","cassava_HgHa"
"932",0.843115074724549,3.94301945122031,"0.5",1,"Pesticide","cassava_HgHa"
"933",0.843115074724549,3.97311883634413,"0.5",1,"Pesticide","cassava_HgHa"
"934",0.843115074724549,4.00321822146795,"0.5",1,"Pesticide","cassava_HgHa"
"935",0.843115074724549,4.03331760659177,"0.5",1,"Pesticide","cassava_HgHa"
"936",0.843115074724549,4.06341699171559,"0.5",1,"Pesticide","cassava_HgHa"
"937",0.843115074724549,4.09351637683941,"0.5",1,"Pesticide","cassava_HgHa"
"938",0.843115074724549,4.12361576196323,"0.5",1,"Pesticide","cassava_HgHa"
"939",0.843115074724549,4.15371514708705,"0.5",1,"Pesticide","cassava_HgHa"
"940",0.843115074724549,4.18381453221086,"0.5",1,"Pesticide","cassava_HgHa"
"941",0.843115074724549,4.21391391733468,"0.5",1,"Pesticide","cassava_HgHa"
"942",0.843115074724549,4.2440133024585,"0.5",1,"Pesticide","cassava_HgHa"
"943",0.843115074724549,4.27411268758232,"0.5",1,"Pesticide","cassava_HgHa"
"944",0.843115074724549,4.30421207270614,"0.5",1,"Pesticide","cassava_HgHa"
"945",0.860401885097463,4.33431145782996,"0.5",1,"Pesticide","cassava_HgHa"
"946",0.860401885097463,4.36441084295378,"0.5",1,"Pesticide","cassava_HgHa"
"947",0.860401885097463,4.3945102280776,"0.5",1,"Pesticide","cassava_HgHa"
"948",0.860401885097463,4.42460961320142,"0.5",1,"Pesticide","cassava_HgHa"
"949",0.860401885097463,4.45470899832524,"0.5",1,"Pesticide","cassava_HgHa"
"950",0.859371662071851,4.48480838344906,"0.5",1,"Pesticide","cassava_HgHa"
"951",0.859295398074129,4.51490776857288,"0.5",1,"Pesticide","cassava_HgHa"
"952",0.859295398074129,4.54500715369669,"0.5",1,"Pesticide","cassava_HgHa"
"953",0.859295398074129,4.57510653882051,"0.5",1,"Pesticide","cassava_HgHa"
"954",0.859295398074129,4.60520592394433,"0.5",1,"Pesticide","cassava_HgHa"
"955",0.857821726562099,4.63530530906815,"0.5",1,"Pesticide","cassava_HgHa"
"956",0.855497260181824,4.66540469419197,"0.5",1,"Pesticide","cassava_HgHa"
"957",0.855497260181824,4.69550407931579,"0.5",1,"Pesticide","cassava_HgHa"
"958",0.853610915142831,4.72560346443961,"0.5",1,"Pesticide","cassava_HgHa"
"959",0.853610915142831,4.75570284956343,"0.5",1,"Pesticide","cassava_HgHa"
"960",0.853610915142831,4.78580223468725,"0.5",1,"Pesticide","cassava_HgHa"
"961",0.853610915142831,4.81590161981107,"0.5",1,"Pesticide","cassava_HgHa"
"962",0.853610915142831,4.84600100493489,"0.5",1,"Pesticide","cassava_HgHa"
"963",0.853610915142831,4.87610039005871,"0.5",1,"Pesticide","cassava_HgHa"
"964",0.853610915142831,4.90619977518252,"0.5",1,"Pesticide","cassava_HgHa"
"965",0.853610915142831,4.93629916030634,"0.5",1,"Pesticide","cassava_HgHa"
"966",0.853610915142831,4.96639854543016,"0.5",1,"Pesticide","cassava_HgHa"
"967",0.853610915142831,4.99649793055398,"0.5",1,"Pesticide","cassava_HgHa"
"968",0.853610915142831,5.0265973156778,"0.5",1,"Pesticide","cassava_HgHa"
"969",0.853610915142831,5.05669670080162,"0.5",1,"Pesticide","cassava_HgHa"
"970",0.853610915142831,5.08679608592544,"0.5",1,"Pesticide","cassava_HgHa"
"971",0.854064338219206,5.11689547104926,"0.5",1,"Pesticide","cassava_HgHa"
"972",0.854064338219206,5.14699485617308,"0.5",1,"Pesticide","cassava_HgHa"
"973",0.854064338219206,5.1770942412969,"0.5",1,"Pesticide","cassava_HgHa"
"974",0.854727377432135,5.20719362642072,"0.5",1,"Pesticide","cassava_HgHa"
"975",0.854727377432135,5.23729301154454,"0.5",1,"Pesticide","cassava_HgHa"
"976",0.854727377432135,5.26739239666835,"0.5",1,"Pesticide","cassava_HgHa"
"977",0.854727377432135,5.29749178179217,"0.5",1,"Pesticide","cassava_HgHa"
"978",0.854727377432135,5.32759116691599,"0.5",1,"Pesticide","cassava_HgHa"
"979",0.854288641855214,5.35769055203981,"0.5",1,"Pesticide","cassava_HgHa"
"980",0.854288641855214,5.38778993716363,"0.5",1,"Pesticide","cassava_HgHa"
"981",0.854288641855214,5.41788932228745,"0.5",1,"Pesticide","cassava_HgHa"
"982",0.854288641855214,5.44798870741127,"0.5",1,"Pesticide","cassava_HgHa"
"983",0.854288641855214,5.47808809253509,"0.5",1,"Pesticide","cassava_HgHa"
"984",0.854327744146073,5.50818747765891,"0.5",1,"Pesticide","cassava_HgHa"
"985",0.854327744146073,5.53828686278273,"0.5",1,"Pesticide","cassava_HgHa"
"986",0.854327744146073,5.56838624790655,"0.5",1,"Pesticide","cassava_HgHa"
"987",0.854327744146073,5.59848563303037,"0.5",1,"Pesticide","cassava_HgHa"
"988",0.854327744146073,5.62858501815418,"0.5",1,"Pesticide","cassava_HgHa"
"989",0.854327744146073,5.658684403278,"0.5",1,"Pesticide","cassava_HgHa"
"990",0.854327744146073,5.68878378840182,"0.5",1,"Pesticide","cassava_HgHa"
"991",0.854327744146073,5.71888317352564,"0.5",1,"Pesticide","cassava_HgHa"
"992",0.847308018781476,5.74898255864946,"0.5",1,"Pesticide","cassava_HgHa"
"993",0.847308018781476,5.77908194377328,"0.5",1,"Pesticide","cassava_HgHa"
"994",0.847308018781476,5.8091813288971,"0.5",1,"Pesticide","cassava_HgHa"
"995",0.846685963921057,5.83928071402092,"0.5",1,"Pesticide","cassava_HgHa"
"996",0.846685963921057,5.86938009914474,"0.5",1,"Pesticide","cassava_HgHa"
"997",0.848924136249609,5.89947948426856,"0.5",1,"Pesticide","cassava_HgHa"
"998",0.848924136249609,5.92957886939238,"0.5",1,"Pesticide","cassava_HgHa"
"999",0.848924136249609,5.9596782545162,"0.5",1,"Pesticide","cassava_HgHa"
"1000",0.848924136249609,5.98977763964001,"0.5",1,"Pesticide","cassava_HgHa"
"1001",0.810188749794718,0,"0.9",1,"Pesticide","cassava_HgHa"
"1002",0.810188749794718,0.0300993851238192,"0.9",1,"Pesticide","cassava_HgHa"
"1003",0.810188749794718,0.0601987702476383,"0.9",1,"Pesticide","cassava_HgHa"
"1004",0.810188749794718,0.0902981553714575,"0.9",1,"Pesticide","cassava_HgHa"
"1005",0.810188749794718,0.120397540495277,"0.9",1,"Pesticide","cassava_HgHa"
"1006",0.810188749794718,0.150496925619096,"0.9",1,"Pesticide","cassava_HgHa"
"1007",0.810188749794718,0.180596310742915,"0.9",1,"Pesticide","cassava_HgHa"
"1008",0.810188749794718,0.210695695866734,"0.9",1,"Pesticide","cassava_HgHa"
"1009",0.810188749794718,0.240795080990553,"0.9",1,"Pesticide","cassava_HgHa"
"1010",0.810188749794718,0.270894466114373,"0.9",1,"Pesticide","cassava_HgHa"
"1011",0.810188749794718,0.300993851238192,"0.9",1,"Pesticide","cassava_HgHa"
"1012",0.810188749794718,0.331093236362011,"0.9",1,"Pesticide","cassava_HgHa"
"1013",0.810188749794718,0.36119262148583,"0.9",1,"Pesticide","cassava_HgHa"
"1014",0.810188749794718,0.391292006609649,"0.9",1,"Pesticide","cassava_HgHa"
"1015",0.810188749794718,0.421391391733468,"0.9",1,"Pesticide","cassava_HgHa"
"1016",0.810188749794718,0.451490776857288,"0.9",1,"Pesticide","cassava_HgHa"
"1017",0.810188749794718,0.481590161981107,"0.9",1,"Pesticide","cassava_HgHa"
"1018",0.810188749794718,0.511689547104926,"0.9",1,"Pesticide","cassava_HgHa"
"1019",0.810188749794718,0.541788932228745,"0.9",1,"Pesticide","cassava_HgHa"
"1020",0.810188749794718,0.571888317352564,"0.9",1,"Pesticide","cassava_HgHa"
"1021",0.810188749794718,0.601987702476383,"0.9",1,"Pesticide","cassava_HgHa"
"1022",0.810188749794718,0.632087087600203,"0.9",1,"Pesticide","cassava_HgHa"
"1023",0.810188749794718,0.662186472724022,"0.9",1,"Pesticide","cassava_HgHa"
"1024",0.810188749794718,0.692285857847841,"0.9",1,"Pesticide","cassava_HgHa"
"1025",0.810188749794718,0.72238524297166,"0.9",1,"Pesticide","cassava_HgHa"
"1026",0.810188749794718,0.752484628095479,"0.9",1,"Pesticide","cassava_HgHa"
"1027",0.810188749794718,0.782584013219298,"0.9",1,"Pesticide","cassava_HgHa"
"1028",0.810188749794718,0.812683398343118,"0.9",1,"Pesticide","cassava_HgHa"
"1029",0.810188749794718,0.842782783466937,"0.9",1,"Pesticide","cassava_HgHa"
"1030",0.810188749794718,0.872882168590756,"0.9",1,"Pesticide","cassava_HgHa"
"1031",0.810188749794718,0.902981553714575,"0.9",1,"Pesticide","cassava_HgHa"
"1032",0.810188749794718,0.933080938838394,"0.9",1,"Pesticide","cassava_HgHa"
"1033",0.810188749794718,0.963180323962213,"0.9",1,"Pesticide","cassava_HgHa"
"1034",0.810188749794718,0.993279709086033,"0.9",1,"Pesticide","cassava_HgHa"
"1035",0.810188749794718,1.02337909420985,"0.9",1,"Pesticide","cassava_HgHa"
"1036",0.810188749794718,1.05347847933367,"0.9",1,"Pesticide","cassava_HgHa"
"1037",0.810188749794718,1.08357786445749,"0.9",1,"Pesticide","cassava_HgHa"
"1038",0.810188749794718,1.11367724958131,"0.9",1,"Pesticide","cassava_HgHa"
"1039",0.810188749794718,1.14377663470513,"0.9",1,"Pesticide","cassava_HgHa"
"1040",0.810188749794718,1.17387601982895,"0.9",1,"Pesticide","cassava_HgHa"
"1041",0.810188749794718,1.20397540495277,"0.9",1,"Pesticide","cassava_HgHa"
"1042",0.810188749794718,1.23407479007659,"0.9",1,"Pesticide","cassava_HgHa"
"1043",0.810188749794718,1.26417417520041,"0.9",1,"Pesticide","cassava_HgHa"
"1044",0.810188749794718,1.29427356032422,"0.9",1,"Pesticide","cassava_HgHa"
"1045",0.810188749794718,1.32437294544804,"0.9",1,"Pesticide","cassava_HgHa"
"1046",0.810188749794718,1.35447233057186,"0.9",1,"Pesticide","cassava_HgHa"
"1047",0.810188749794718,1.38457171569568,"0.9",1,"Pesticide","cassava_HgHa"
"1048",0.810188749794718,1.4146711008195,"0.9",1,"Pesticide","cassava_HgHa"
"1049",0.810188749794718,1.44477048594332,"0.9",1,"Pesticide","cassava_HgHa"
"1050",0.810188749794718,1.47486987106714,"0.9",1,"Pesticide","cassava_HgHa"
"1051",0.810188749794718,1.50496925619096,"0.9",1,"Pesticide","cassava_HgHa"
"1052",0.810188749794718,1.53506864131478,"0.9",1,"Pesticide","cassava_HgHa"
"1053",0.810188749794718,1.5651680264386,"0.9",1,"Pesticide","cassava_HgHa"
"1054",0.810188749794718,1.59526741156242,"0.9",1,"Pesticide","cassava_HgHa"
"1055",0.810188749794718,1.62536679668624,"0.9",1,"Pesticide","cassava_HgHa"
"1056",0.810188749794718,1.65546618181005,"0.9",1,"Pesticide","cassava_HgHa"
"1057",0.810188749794718,1.68556556693387,"0.9",1,"Pesticide","cassava_HgHa"
"1058",0.810188749794718,1.71566495205769,"0.9",1,"Pesticide","cassava_HgHa"
"1059",0.810188749794718,1.74576433718151,"0.9",1,"Pesticide","cassava_HgHa"
"1060",0.810188749794718,1.77586372230533,"0.9",1,"Pesticide","cassava_HgHa"
"1061",0.810188749794718,1.80596310742915,"0.9",1,"Pesticide","cassava_HgHa"
"1062",0.810188749794718,1.83606249255297,"0.9",1,"Pesticide","cassava_HgHa"
"1063",0.810188749794718,1.86616187767679,"0.9",1,"Pesticide","cassava_HgHa"
"1064",0.810188749794718,1.89626126280061,"0.9",1,"Pesticide","cassava_HgHa"
"1065",0.810188749794718,1.92636064792443,"0.9",1,"Pesticide","cassava_HgHa"
"1066",0.810188749794718,1.95646003304825,"0.9",1,"Pesticide","cassava_HgHa"
"1067",0.810188749794718,1.98655941817207,"0.9",1,"Pesticide","cassava_HgHa"
"1068",0.810188749794718,2.01665880329588,"0.9",1,"Pesticide","cassava_HgHa"
"1069",0.810188749794718,2.0467581884197,"0.9",1,"Pesticide","cassava_HgHa"
"1070",0.810188749794718,2.07685757354352,"0.9",1,"Pesticide","cassava_HgHa"
"1071",0.810188749794718,2.10695695866734,"0.9",1,"Pesticide","cassava_HgHa"
"1072",0.810188749794718,2.13705634379116,"0.9",1,"Pesticide","cassava_HgHa"
"1073",0.810188749794718,2.16715572891498,"0.9",1,"Pesticide","cassava_HgHa"
"1074",0.810188749794718,2.1972551140388,"0.9",1,"Pesticide","cassava_HgHa"
"1075",0.810188749794718,2.22735449916262,"0.9",1,"Pesticide","cassava_HgHa"
"1076",0.810188749794718,2.25745388428644,"0.9",1,"Pesticide","cassava_HgHa"
"1077",0.810188749794718,2.28755326941026,"0.9",1,"Pesticide","cassava_HgHa"
"1078",0.810188749794718,2.31765265453408,"0.9",1,"Pesticide","cassava_HgHa"
"1079",0.810188749794718,2.3477520396579,"0.9",1,"Pesticide","cassava_HgHa"
"1080",0.810188749794718,2.37785142478171,"0.9",1,"Pesticide","cassava_HgHa"
"1081",0.810188749794718,2.40795080990553,"0.9",1,"Pesticide","cassava_HgHa"
"1082",0.810188749794718,2.43805019502935,"0.9",1,"Pesticide","cassava_HgHa"
"1083",0.810188749794718,2.46814958015317,"0.9",1,"Pesticide","cassava_HgHa"
"1084",0.810188749794718,2.49824896527699,"0.9",1,"Pesticide","cassava_HgHa"
"1085",0.810188749794718,2.52834835040081,"0.9",1,"Pesticide","cassava_HgHa"
"1086",0.810188749794718,2.55844773552463,"0.9",1,"Pesticide","cassava_HgHa"
"1087",0.810188749794718,2.58854712064845,"0.9",1,"Pesticide","cassava_HgHa"
"1088",0.810188749794718,2.61864650577227,"0.9",1,"Pesticide","cassava_HgHa"
"1089",0.810188749794718,2.64874589089609,"0.9",1,"Pesticide","cassava_HgHa"
"1090",0.810188749794718,2.67884527601991,"0.9",1,"Pesticide","cassava_HgHa"
"1091",0.810188749794718,2.70894466114373,"0.9",1,"Pesticide","cassava_HgHa"
"1092",0.810188749794718,2.73904404626754,"0.9",1,"Pesticide","cassava_HgHa"
"1093",0.810188749794718,2.76914343139136,"0.9",1,"Pesticide","cassava_HgHa"
"1094",0.810188749794718,2.79924281651518,"0.9",1,"Pesticide","cassava_HgHa"
"1095",0.810188749794718,2.829342201639,"0.9",1,"Pesticide","cassava_HgHa"
"1096",0.810188749794718,2.85944158676282,"0.9",1,"Pesticide","cassava_HgHa"
"1097",0.810188749794718,2.88954097188664,"0.9",1,"Pesticide","cassava_HgHa"
"1098",0.810188749794718,2.91964035701046,"0.9",1,"Pesticide","cassava_HgHa"
"1099",0.810188749794718,2.94973974213428,"0.9",1,"Pesticide","cassava_HgHa"
"1100",0.810188749794718,2.9798391272581,"0.9",1,"Pesticide","cassava_HgHa"
"1101",0.810188749794718,3.00993851238192,"0.9",1,"Pesticide","cassava_HgHa"
"1102",0.810188749794718,3.04003789750574,"0.9",1,"Pesticide","cassava_HgHa"
"1103",0.810188749794718,3.07013728262956,"0.9",1,"Pesticide","cassava_HgHa"
"1104",0.810188749794718,3.10023666775337,"0.9",1,"Pesticide","cassava_HgHa"
"1105",0.810188749794718,3.13033605287719,"0.9",1,"Pesticide","cassava_HgHa"
"1106",0.810188749794718,3.16043543800101,"0.9",1,"Pesticide","cassava_HgHa"
"1107",0.810188749794718,3.19053482312483,"0.9",1,"Pesticide","cassava_HgHa"
"1108",0.810188749794718,3.22063420824865,"0.9",1,"Pesticide","cassava_HgHa"
"1109",0.810188749794718,3.25073359337247,"0.9",1,"Pesticide","cassava_HgHa"
"1110",0.809955826605881,3.28083297849629,"0.9",1,"Pesticide","cassava_HgHa"
"1111",0.809955826605881,3.31093236362011,"0.9",1,"Pesticide","cassava_HgHa"
"1112",0.809955826605881,3.34103174874393,"0.9",1,"Pesticide","cassava_HgHa"
"1113",0.809955826605881,3.37113113386775,"0.9",1,"Pesticide","cassava_HgHa"
"1114",0.809955826605881,3.40123051899157,"0.9",1,"Pesticide","cassava_HgHa"
"1115",0.809955826605881,3.43132990411539,"0.9",1,"Pesticide","cassava_HgHa"
"1116",0.809955826605881,3.4614292892392,"0.9",1,"Pesticide","cassava_HgHa"
"1117",0.809955826605881,3.49152867436302,"0.9",1,"Pesticide","cassava_HgHa"
"1118",0.809955826605881,3.52162805948684,"0.9",1,"Pesticide","cassava_HgHa"
"1119",0.809955826605881,3.55172744461066,"0.9",1,"Pesticide","cassava_HgHa"
"1120",0.809955826605881,3.58182682973448,"0.9",1,"Pesticide","cassava_HgHa"
"1121",0.809955826605881,3.6119262148583,"0.9",1,"Pesticide","cassava_HgHa"
"1122",0.809955826605881,3.64202559998212,"0.9",1,"Pesticide","cassava_HgHa"
"1123",0.809955826605881,3.67212498510594,"0.9",1,"Pesticide","cassava_HgHa"
"1124",0.809955826605881,3.70222437022976,"0.9",1,"Pesticide","cassava_HgHa"
"1125",0.809955826605881,3.73232375535358,"0.9",1,"Pesticide","cassava_HgHa"
"1126",0.809955826605881,3.7624231404774,"0.9",1,"Pesticide","cassava_HgHa"
"1127",0.809955826605881,3.79252252560122,"0.9",1,"Pesticide","cassava_HgHa"
"1128",0.809955826605881,3.82262191072503,"0.9",1,"Pesticide","cassava_HgHa"
"1129",0.809955826605881,3.85272129584885,"0.9",1,"Pesticide","cassava_HgHa"
"1130",0.809955826605881,3.88282068097267,"0.9",1,"Pesticide","cassava_HgHa"
"1131",0.809955826605881,3.91292006609649,"0.9",1,"Pesticide","cassava_HgHa"
"1132",0.809955826605881,3.94301945122031,"0.9",1,"Pesticide","cassava_HgHa"
"1133",0.809955826605881,3.97311883634413,"0.9",1,"Pesticide","cassava_HgHa"
"1134",0.809955826605881,4.00321822146795,"0.9",1,"Pesticide","cassava_HgHa"
"1135",0.809955826605881,4.03331760659177,"0.9",1,"Pesticide","cassava_HgHa"
"1136",0.809955826605881,4.06341699171559,"0.9",1,"Pesticide","cassava_HgHa"
"1137",0.809955826605881,4.09351637683941,"0.9",1,"Pesticide","cassava_HgHa"
"1138",0.809955826605881,4.12361576196323,"0.9",1,"Pesticide","cassava_HgHa"
"1139",0.809955826605881,4.15371514708705,"0.9",1,"Pesticide","cassava_HgHa"
"1140",0.809955826605881,4.18381453221086,"0.9",1,"Pesticide","cassava_HgHa"
"1141",0.809955826605881,4.21391391733468,"0.9",1,"Pesticide","cassava_HgHa"
"1142",0.809955826605881,4.2440133024585,"0.9",1,"Pesticide","cassava_HgHa"
"1143",0.809955826605881,4.27411268758232,"0.9",1,"Pesticide","cassava_HgHa"
"1144",0.809955826605881,4.30421207270614,"0.9",1,"Pesticide","cassava_HgHa"
"1145",0.813219368959238,4.33431145782996,"0.9",1,"Pesticide","cassava_HgHa"
"1146",0.813219368959238,4.36441084295378,"0.9",1,"Pesticide","cassava_HgHa"
"1147",0.813219368959238,4.3945102280776,"0.9",1,"Pesticide","cassava_HgHa"
"1148",0.813219368959238,4.42460961320142,"0.9",1,"Pesticide","cassava_HgHa"
"1149",0.813219368959238,4.45470899832524,"0.9",1,"Pesticide","cassava_HgHa"
"1150",0.813219368959238,4.48480838344906,"0.9",1,"Pesticide","cassava_HgHa"
"1151",0.813219368959238,4.51490776857288,"0.9",1,"Pesticide","cassava_HgHa"
"1152",0.813219368959238,4.54500715369669,"0.9",1,"Pesticide","cassava_HgHa"
"1153",0.813219368959238,4.57510653882051,"0.9",1,"Pesticide","cassava_HgHa"
"1154",0.813219368959238,4.60520592394433,"0.9",1,"Pesticide","cassava_HgHa"
"1155",0.813219368959238,4.63530530906815,"0.9",1,"Pesticide","cassava_HgHa"
"1156",0.813219368959238,4.66540469419197,"0.9",1,"Pesticide","cassava_HgHa"
"1157",0.813219368959238,4.69550407931579,"0.9",1,"Pesticide","cassava_HgHa"
"1158",0.813219368959238,4.72560346443961,"0.9",1,"Pesticide","cassava_HgHa"
"1159",0.813219368959238,4.75570284956343,"0.9",1,"Pesticide","cassava_HgHa"
"1160",0.813219368959238,4.78580223468725,"0.9",1,"Pesticide","cassava_HgHa"
"1161",0.813219368959238,4.81590161981107,"0.9",1,"Pesticide","cassava_HgHa"
"1162",0.813219368959238,4.84600100493489,"0.9",1,"Pesticide","cassava_HgHa"
"1163",0.813219368959238,4.87610039005871,"0.9",1,"Pesticide","cassava_HgHa"
"1164",0.813219368959238,4.90619977518252,"0.9",1,"Pesticide","cassava_HgHa"
"1165",0.813219368959238,4.93629916030634,"0.9",1,"Pesticide","cassava_HgHa"
"1166",0.813219368959238,4.96639854543016,"0.9",1,"Pesticide","cassava_HgHa"
"1167",0.813219368959238,4.99649793055398,"0.9",1,"Pesticide","cassava_HgHa"
"1168",0.813219368959238,5.0265973156778,"0.9",1,"Pesticide","cassava_HgHa"
"1169",0.813219368959238,5.05669670080162,"0.9",1,"Pesticide","cassava_HgHa"
"1170",0.813219368959238,5.08679608592544,"0.9",1,"Pesticide","cassava_HgHa"
"1171",0.814018993499454,5.11689547104926,"0.9",1,"Pesticide","cassava_HgHa"
"1172",0.814018993499454,5.14699485617308,"0.9",1,"Pesticide","cassava_HgHa"
"1173",0.814018993499454,5.1770942412969,"0.9",1,"Pesticide","cassava_HgHa"
"1174",0.813721465779938,5.20719362642072,"0.9",1,"Pesticide","cassava_HgHa"
"1175",0.813721465779938,5.23729301154454,"0.9",1,"Pesticide","cassava_HgHa"
"1176",0.813721465779938,5.26739239666835,"0.9",1,"Pesticide","cassava_HgHa"
"1177",0.813721465779938,5.29749178179217,"0.9",1,"Pesticide","cassava_HgHa"
"1178",0.813721465779938,5.32759116691599,"0.9",1,"Pesticide","cassava_HgHa"
"1179",0.814620632694169,5.35769055203981,"0.9",1,"Pesticide","cassava_HgHa"
"1180",0.814620632694169,5.38778993716363,"0.9",1,"Pesticide","cassava_HgHa"
"1181",0.816112661068548,5.41788932228745,"0.9",1,"Pesticide","cassava_HgHa"
"1182",0.816112661068548,5.44798870741127,"0.9",1,"Pesticide","cassava_HgHa"
"1183",0.816112661068548,5.47808809253509,"0.9",1,"Pesticide","cassava_HgHa"
"1184",0.817246680678781,5.50818747765891,"0.9",1,"Pesticide","cassava_HgHa"
"1185",0.817246680678781,5.53828686278273,"0.9",1,"Pesticide","cassava_HgHa"
"1186",0.817246680678781,5.56838624790655,"0.9",1,"Pesticide","cassava_HgHa"
"1187",0.817246680678781,5.59848563303037,"0.9",1,"Pesticide","cassava_HgHa"
"1188",0.817246680678781,5.62858501815418,"0.9",1,"Pesticide","cassava_HgHa"
"1189",0.817246680678781,5.658684403278,"0.9",1,"Pesticide","cassava_HgHa"
"1190",0.817246680678781,5.68878378840182,"0.9",1,"Pesticide","cassava_HgHa"
"1191",0.817246680678781,5.71888317352564,"0.9",1,"Pesticide","cassava_HgHa"
"1192",0.81668950708475,5.74898255864946,"0.9",1,"Pesticide","cassava_HgHa"
"1193",0.81668950708475,5.77908194377328,"0.9",1,"Pesticide","cassava_HgHa"
"1194",0.81668950708475,5.8091813288971,"0.9",1,"Pesticide","cassava_HgHa"
"1195",0.818013779630924,5.83928071402092,"0.9",1,"Pesticide","cassava_HgHa"
"1196",0.818013779630924,5.86938009914474,"0.9",1,"Pesticide","cassava_HgHa"
"1197",0.823513194063003,5.89947948426856,"0.9",1,"Pesticide","cassava_HgHa"
"1198",0.823513194063003,5.92957886939238,"0.9",1,"Pesticide","cassava_HgHa"
"1199",0.823513194063003,5.9596782545162,"0.9",1,"Pesticide","cassava_HgHa"
"1200",0.823513194063003,5.98977763964001,"0.9",1,"Pesticide","cassava_HgHa"
